,Bin Lat,Bin Long,Total Count,previous_normalized_bins,normalized_bins
0,-57.3631024964463,-176.592105263158,537.0,0.001046930563353921,0.001046930563353921
1,-47.4631016370138,-176.592105263158,313.0,0.0006102220974483748,0.0006102220974483748
2,-39.1667107161202,-176.592105263158,334.0,0.0006511635161270198,0.0006511635161270198
3,-31.7568638592971,-176.592105263158,171.0,0.0003333801235261089,0.0003333801235261089
4,-24.901062370367,-176.592105263158,499.0,0.0009728460914592301,0.0009728460914592301
5,-18.4084801705858,-176.592105263158,344.0,0.0006706594297835174,0.0006706594297835174
6,-12.1531974690079,-176.592105263158,210.0,0.00040941418678644957,0.00040941418678644957
7,-6.0423284190541,-176.592105263158,130.0,0.00025344687753446875,0.00025344687753446875
8,0.0,-176.592105263158,578.0,0.0011268638093455611,0.0011268638093455611
9,6.04232841905411,-176.592105263158,311.0,0.0006063229147170753,0.0006063229147170753
10,12.1531974690079,-176.592105263158,611.0,0.0011912003244120032,0.0011912003244120032
11,18.4084801705859,-176.592105263158,412.0,0.0008032316426477011,0.0008032316426477011
12,24.901062370367,-176.592105263158,547.0,0.0010664264770104187,0.0010664264770104187
13,31.7568638592971,-176.592105263158,392.0,0.0007642398153347059,0.0007642398153347059
14,39.1667107161202,-176.592105263158,447.0,0.0008714673404454427,0.0008714673404454427
15,47.4631016370138,-176.592105263158,602.0,0.0011736540021211554,0.0011736540021211554
16,57.3631024964463,-176.592105263158,252.0,0.0004912970241437394,0.0004912970241437394
17,71.3282819359921,-176.592105263158,352.0,0.0006862561607087154,0.0006862561607087154
18,-71.3282819359921,-170.276315789474,160.0,0.0003119346185039616,0.0003119346185039616
19,-57.3631024964463,-170.276315789474,640.0,0.0012477384740158463,0.0012477384740158463
20,-47.4631016370138,-170.276315789474,768.0,0.0014972861688190156,0.0014972861688190156
21,-39.1667107161202,-170.276315789474,345.0,0.0006726090211491672,0.0006726090211491672
22,-31.7568638592971,-170.276315789474,334.0,0.0006511635161270198,0.0006511635161270198
23,-24.901062370367,-170.276315789474,616.0,0.001200948281240252,0.001200948281240252
24,-18.4084801705858,-170.276315789474,233.0,0.000454254788196394,0.000454254788196394
25,-12.1531974690079,-170.276315789474,326.0,0.0006355667852018217,0.0006355667852018217
26,-6.0423284190541,-170.276315789474,523.0,0.0010196362842348245,0.0010196362842348245
27,0.0,-170.276315789474,420.0,0.0008188283735728991,0.0008188283735728991
28,6.04232841905411,-170.276315789474,458.0,0.00089291284546759,0.00089291284546759
29,12.1531974690079,-170.276315789474,221.0,0.0004308596918085969,0.0004308596918085969
30,18.4084801705859,-170.276315789474,233.0,0.000454254788196394,0.000454254788196394
31,24.901062370367,-170.276315789474,364.0,0.0007096512570965125,0.0007096512570965125
32,31.7568638592971,-170.276315789474,572.0,0.0011151662611516627,0.0011151662611516627
33,39.1667107161202,-170.276315789474,478.0,0.0009319046727805851,0.0009319046727805851
34,47.4631016370138,-170.276315789474,637.0,0.001241889699918897,0.001241889699918897
35,57.3631024964463,-170.276315789474,786.0,0.0015323788134007112,0.0015323788134007112
36,71.3282819359921,-170.276315789474,919.0,0.0017916744650321292,0.0017916744650321292
37,-71.3282819359921,-163.960526315789,271.0,0.0005283392600910849,0.0005283392600910849
38,-57.3631024964463,-163.960526315789,410.0,0.0007993324599164015,0.0007993324599164015
39,-47.4631016370138,-163.960526315789,425.0,0.0008285763304011479,0.0008285763304011479
40,-39.1667107161202,-163.960526315789,448.0,0.0008734169318110924,0.0008734169318110924
41,-31.7568638592971,-163.960526315789,334.0,0.0006511635161270198,0.0006511635161270198
42,-24.901062370367,-163.960526315789,423.0,0.0008246771476698484,0.0008246771476698484
43,-18.4084801705858,-163.960526315789,547.0,0.0010664264770104187,0.0010664264770104187
44,-12.1531974690079,-163.960526315789,340.0,0.0006628610643209183,0.0006628610643209183
45,-6.0423284190541,-163.960526315789,333.0,0.0006492139247613701,0.0006492139247613701
46,0.0,-163.960526315789,314.0,0.0006121716888140246,0.0006121716888140246
47,6.04232841905411,-163.960526315789,205.0,0.0003996662299582008,0.0003996662299582008
48,12.1531974690079,-163.960526315789,286.0,0.0005575831305758313,0.0005575831305758313
49,18.4084801705859,-163.960526315789,458.0,0.00089291284546759,0.00089291284546759
50,24.901062370367,-163.960526315789,257.0,0.0005010449809719883,0.0005010449809719883
51,31.7568638592971,-163.960526315789,235.0,0.00045815397092769354,0.00045815397092769354
52,39.1667107161202,-163.960526315789,574.0,0.001119065443882962,0.001119065443882962
53,47.4631016370138,-163.960526315789,877.0,0.0017097916276748394,0.0017097916276748394
54,57.3631024964463,-163.960526315789,986.0,0.0019222970865306632,0.0019222970865306632
55,71.3282819359921,-163.960526315789,661.0,0.0012886798926944913,0.0012886798926944913
56,-71.3282819359921,-157.644736842105,157.0,0.0003060858444070123,0.0003060858444070123
57,-57.3631024964463,-157.644736842105,330.0,0.0006433651506644207,0.0006433651506644207
58,-47.4631016370138,-157.644736842105,410.0,0.0007993324599164015,0.0007993324599164015
59,-39.1667107161202,-157.644736842105,335.0,0.0006531131074926696,0.0006531131074926696
60,-31.7568638592971,-157.644736842105,327.0,0.0006375163765674714,0.0006375163765674714
61,-24.901062370367,-157.644736842105,671.0,0.0013081758063509888,0.0013081758063509888
62,-18.4084801705858,-157.644736842105,429.0,0.0008363746958637469,0.0008363746958637469
63,-12.1531974690079,-157.644736842105,368.0,0.0007174496225591116,0.0007174496225591116
64,-6.0423284190541,-157.644736842105,148.0,0.00028853952211616447,0.00028853952211616447
65,0.0,-157.644736842105,371.0,0.0007232983966560609,0.0007232983966560609
66,6.04232841905411,-157.644736842105,301.0,0.0005868270010605777,0.0005868270010605777
67,12.1531974690079,-157.644736842105,233.0,0.000454254788196394,0.000454254788196394
68,18.4084801705859,-157.644736842105,175.0,0.00034117848898870796,0.00034117848898870796
69,24.901062370367,-157.644736842105,284.0,0.0005536839478445318,0.0005536839478445318
70,31.7568638592971,-157.644736842105,420.0,0.0008188283735728991,0.0008188283735728991
71,39.1667107161202,-157.644736842105,426.0,0.0008305259217667977,0.0008305259217667977
72,47.4631016370138,-157.644736842105,644.0,0.0012555368394784453,0.0012555368394784453
73,57.3631024964463,-157.644736842105,840.0,0.0016376567471457983,0.0016376567471457983
74,71.3282819359921,-157.644736842105,568.0,0.0011073678956890637,0.0011073678956890637
75,-71.3282819359921,-151.328947368421,146.0,0.00028464033938486495,0.00028464033938486495
76,-57.3631024964463,-151.328947368421,634.0,0.0012360409258219476,0.0012360409258219476
77,-47.4631016370138,-151.328947368421,536.0,0.0010449809719882712,0.0010449809719882712
78,-39.1667107161202,-151.328947368421,330.0,0.0006433651506644207,0.0006433651506644207
79,-31.7568638592971,-151.328947368421,291.0,0.0005673310874040801,0.0005673310874040801
80,-24.901062370367,-151.328947368421,346.0,0.0006745586125148169,0.0006745586125148169
81,-18.4084801705858,-151.328947368421,331.0,0.0006453147420300705,0.0006453147420300705
82,-12.1531974690079,-151.328947368421,390.0,0.0007603406326034064,0.0007603406326034064
83,-6.0423284190541,-151.328947368421,398.0,0.0007759373635286044,0.0007759373635286044
84,0.0,-151.328947368421,315.0,0.0006141212801796743,0.0006141212801796743
85,6.04232841905411,-151.328947368421,603.0,0.0011756035934868052,0.0011756035934868052
86,12.1531974690079,-151.328947368421,177.0,0.0003450776717200075,0.0003450776717200075
87,18.4084801705859,-151.328947368421,453.0,0.0008831648886393412,0.0008831648886393412
88,24.901062370367,-151.328947368421,358.0,0.000697953708902614,0.000697953708902614
89,31.7568638592971,-151.328947368421,381.0,0.0007427943103125585,0.0007427943103125585
90,39.1667107161202,-151.328947368421,539.0,0.0010508297460852206,0.0010508297460852206
91,47.4631016370138,-151.328947368421,589.0,0.0011483093143677084,0.0011483093143677084
92,57.3631024964463,-151.328947368421,678.0,0.0013218229459105372,0.0013218229459105372
93,71.3282819359921,-151.328947368421,824.0,0.0016064632852954021,0.0016064632852954021
94,-71.3282819359921,-145.013157894737,202.0,0.0003938174558612515,0.0003938174558612515
95,-57.3631024964463,-145.013157894737,264.0,0.0005146921205315365,0.0005146921205315365
96,-47.4631016370138,-145.013157894737,680.0,0.0013257221286418366,0.0013257221286418366
97,-39.1667107161202,-145.013157894737,495.0,0.0009650477259966311,0.0009650477259966311
98,-31.7568638592971,-145.013157894737,284.0,0.0005536839478445318,0.0005536839478445318
99,-24.901062370367,-145.013157894737,299.0,0.0005829278183292782,0.0005829278183292782
100,-18.4084801705858,-145.013157894737,283.0,0.000551734356478882,0.000551734356478882
101,-12.1531974690079,-145.013157894737,407.0,0.0007934836858194522,0.0007934836858194522
102,-6.0423284190541,-145.013157894737,348.0,0.0006784577952461164,0.0006784577952461164
103,0.0,-145.013157894737,376.0,0.0007330463534843096,0.0007330463534843096
104,6.04232841905411,-145.013157894737,244.0,0.00047570029321854137,0.00047570029321854137
105,12.1531974690079,-145.013157894737,324.0,0.0006316676024705222,0.0006316676024705222
106,18.4084801705859,-145.013157894737,422.0,0.0008227275563041987,0.0008227275563041987
107,24.901062370367,-145.013157894737,524.0,0.001021585875600474,0.001021585875600474
108,31.7568638592971,-145.013157894737,496.0,0.0009669973173622809,0.0009669973173622809
109,39.1667107161202,-145.013157894737,369.0,0.0007193992139247614,0.0007193992139247614
110,47.4631016370138,-145.013157894737,797.0,0.0015538243184228585,0.0015538243184228585
111,57.3631024964463,-145.013157894737,879.0,0.0017136908104061388,0.0017136908104061388
112,71.3282819359921,-145.013157894737,458.0,0.00089291284546759,0.00089291284546759
113,-71.3282819359921,-138.697368421053,311.0,0.0006063229147170753,0.0006063229147170753
114,-57.3631024964463,-138.697368421053,406.0,0.0007915340944538025,0.0007915340944538025
115,-47.4631016370138,-138.697368421053,477.0,0.0009299550814149354,0.0009299550814149354
116,-39.1667107161202,-138.697368421053,403.0,0.0007856853203568532,0.0007856853203568532
117,-31.7568638592971,-138.697368421053,349.0,0.0006804073866117662,0.0006804073866117662
118,-24.901062370367,-138.697368421053,320.0,0.0006238692370079231,0.0006238692370079231
119,-18.4084801705858,-138.697368421053,537.0,0.001046930563353921,0.001046930563353921
120,-12.1531974690079,-138.697368421053,283.0,0.000551734356478882,0.000551734356478882
121,-6.0423284190541,-138.697368421053,442.0,0.0008617193836171938,0.0008617193836171938
122,0.0,-138.697368421053,500.0,0.00097479568282488,0.00097479568282488
123,6.04232841905411,-138.697368421053,350.0,0.0006823569779774159,0.0006823569779774159
124,12.1531974690079,-138.697368421053,91.0,0.00017741281427412813,0.00017741281427412813
125,18.4084801705859,-138.697368421053,373.0,0.0007271975793873604,0.0007271975793873604
126,24.901062370367,-138.697368421053,555.0,0.0010820232079356167,0.0010820232079356167
127,31.7568638592971,-138.697368421053,408.0,0.000795433277185102,0.000795433277185102
128,39.1667107161202,-138.697368421053,655.0,0.0012769823445005926,0.0012769823445005926
129,47.4631016370138,-138.697368421053,745.0,0.001452445567409071,0.001452445567409071
130,57.3631024964463,-138.697368421053,619.0,0.0012067970553372013,0.0012067970553372013
131,71.3282819359921,-138.697368421053,500.0,0.00097479568282488,0.00097479568282488
132,-71.3282819359921,-132.381578947368,201.0,0.00039186786449560174,0.00039186786449560174
133,-57.3631024964463,-132.381578947368,204.0,0.000397716638592551,0.000397716638592551
134,-47.4631016370138,-132.381578947368,595.0,0.001160006862561607,0.001160006862561607
135,-39.1667107161202,-132.381578947368,185.0,0.00036067440264520554,0.00036067440264520554
136,-31.7568638592971,-132.381578947368,379.0,0.000738895127581259,0.000738895127581259
137,-24.901062370367,-132.381578947368,355.0,0.0006921049348056648,0.0006921049348056648
138,-18.4084801705858,-132.381578947368,248.0,0.00048349865868114046,0.00048349865868114046
139,-12.1531974690079,-132.381578947368,236.0,0.0004601035622933433,0.0004601035622933433
140,-6.0423284190541,-132.381578947368,235.0,0.00045815397092769354,0.00045815397092769354
141,0.0,-132.381578947368,359.0,0.0006999033002682638,0.0006999033002682638
142,6.04232841905411,-132.381578947368,337.0,0.0006570122902239691,0.0006570122902239691
143,12.1531974690079,-132.381578947368,398.0,0.0007759373635286044,0.0007759373635286044
144,18.4084801705859,-132.381578947368,390.0,0.0007603406326034064,0.0007603406326034064
145,24.901062370367,-132.381578947368,186.0,0.0003626239940108553,0.0003626239940108553
146,31.7568638592971,-132.381578947368,263.0,0.0005127425291658868,0.0005127425291658868
147,39.1667107161202,-132.381578947368,659.0,0.0012847807099631917,0.0012847807099631917
148,47.4631016370138,-132.381578947368,615.0,0.0011989986898746023,0.0011989986898746023
149,57.3631024964463,-132.381578947368,564.0,0.0010995695302264646,0.0010995695302264646
150,71.3282819359921,-132.381578947368,567.0,0.0011054183043234138,0.0011054183043234138
151,-71.3282819359921,-126.065789473684,149.0,0.0002904891134818142,0.0002904891134818142
152,-57.3631024964463,-126.065789473684,463.0,0.0009026608022958388,0.0009026608022958388
153,-47.4631016370138,-126.065789473684,411.0,0.0008012820512820513,0.0008012820512820513
154,-39.1667107161202,-126.065789473684,287.0,0.000559532721941481,0.000559532721941481
155,-31.7568638592971,-126.065789473684,440.0,0.0008578202008858943,0.0008578202008858943
156,-24.901062370367,-126.065789473684,233.0,0.000454254788196394,0.000454254788196394
157,-18.4084801705858,-126.065789473684,240.0,0.00046790192775594233,0.00046790192775594233
158,-12.1531974690079,-126.065789473684,275.0,0.000536137625553684,0.000536137625553684
159,-6.0423284190541,-126.065789473684,261.0,0.0005088433464345873,0.0005088433464345873
160,0.0,-126.065789473684,461.0,0.0008987616195645393,0.0008987616195645393
161,6.04232841905411,-126.065789473684,127.0,0.0002475981034375195,0.0002475981034375195
162,12.1531974690079,-126.065789473684,272.0,0.0005302888514567346,0.0005302888514567346
163,18.4084801705859,-126.065789473684,241.0,0.0004698515191215921,0.0004698515191215921
164,24.901062370367,-126.065789473684,571.0,0.0011132166697860129,0.0011132166697860129
165,31.7568638592971,-126.065789473684,327.0,0.0006375163765674714,0.0006375163765674714
166,39.1667107161202,-126.065789473684,561.0,0.0010937207561295152,0.0010937207561295152
167,47.4631016370138,-126.065789473684,720.0,0.001403705783267827,0.001403705783267827
168,57.3631024964463,-126.065789473684,730.0,0.0014232016969243247,0.0014232016969243247
169,71.3282819359921,-126.065789473684,522.0,0.0010176866928691746,0.0010176866928691746
170,-71.3282819359921,-119.75,157.0,0.0003060858444070123,0.0003060858444070123
171,-57.3631024964463,-119.75,353.0,0.0006882057520743652,0.0006882057520743652
172,-47.4631016370138,-119.75,754.0,0.001469991889699919,0.001469991889699919
173,-39.1667107161202,-119.75,645.0,0.0012574864308440951,0.0012574864308440951
174,-31.7568638592971,-119.75,349.0,0.0006804073866117662,0.0006804073866117662
175,-24.901062370367,-119.75,395.0,0.0007700885894316551,0.0007700885894316551
176,-18.4084801705858,-119.75,335.0,0.0006531131074926696,0.0006531131074926696
177,-12.1531974690079,-119.75,329.0,0.000641415559298771,0.000641415559298771
178,-6.0423284190541,-119.75,484.0,0.0009436022209744837,0.0009436022209744837
179,0.0,-119.75,323.0,0.0006297180111048724,0.0006297180111048724
180,6.04232841905411,-119.75,308.0,0.000600474140620126,0.000600474140620126
181,12.1531974690079,-119.75,464.0,0.0009046103936614885,0.0009046103936614885
182,18.4084801705859,-119.75,243.0,0.0004737507018528916,0.0004737507018528916
183,24.901062370367,-119.75,281.0,0.0005478351737475825,0.0005478351737475825
184,31.7568638592971,-119.75,740.0,0.0014426976105808222,0.0014426976105808222
185,39.1667107161202,-119.75,143.0,0.0002787915652879157,0.0002787915652879157
186,47.4631016370138,-119.75,611.0,0.0011912003244120032,0.0011912003244120032
187,57.3631024964463,-119.75,387.0,0.000754491858506457,0.000754491858506457
188,71.3282819359921,-119.75,683.0,0.0013315709027387859,0.0013315709027387859
189,-71.3282819359921,-113.434210526316,209.0,0.0004074645954207998,0.0004074645954207998
190,-57.3631024964463,-113.434210526316,140.0,0.0002729427911909664,0.0002729427911909664
191,-47.4631016370138,-113.434210526316,856.0,0.0016688502089961944,0.0016688502089961944
192,-39.1667107161202,-113.434210526316,368.0,0.0007174496225591116,0.0007174496225591116
193,-31.7568638592971,-113.434210526316,340.0,0.0006628610643209183,0.0006628610643209183
194,-24.901062370367,-113.434210526316,500.0,0.00097479568282488,0.00097479568282488
195,-18.4084801705858,-113.434210526316,282.0,0.0005497847651132323,0.0005497847651132323
196,-12.1531974690079,-113.434210526316,377.0,0.0007349959448499595,0.0007349959448499595
197,-6.0423284190541,-113.434210526316,339.0,0.0006609114729552686,0.0006609114729552686
198,0.0,-113.434210526316,421.0,0.0008207779649385488,0.0008207779649385488
199,6.04232841905411,-113.434210526316,306.0,0.0005965749578888265,0.0005965749578888265
200,12.1531974690079,-113.434210526316,452.0,0.0008812152972736914,0.0008812152972736914
201,18.4084801705859,-113.434210526316,677.0,0.0013198733545448874,0.0013198733545448874
202,24.901062370367,-113.434210526316,445.0,0.0008675681577141432,0.0008675681577141432
203,31.7568638592971,-113.434210526316,398.0,0.0007759373635286044,0.0007759373635286044
204,39.1667107161202,-113.434210526316,385.0,0.0007505926757751575,0.0007505926757751575
205,47.4631016370138,-113.434210526316,751.0,0.0014641431156029697,0.0014641431156029697
206,57.3631024964463,-113.434210526316,741.0,0.001444647201946472,0.001444647201946472
207,71.3282819359921,-113.434210526316,782.0,0.0015245804479381122,0.0015245804479381122
208,-71.3282819359921,-107.118421052632,257.0,0.0005010449809719883,0.0005010449809719883
209,-57.3631024964463,-107.118421052632,270.0,0.0005263896687254351,0.0005263896687254351
210,-47.4631016370138,-107.118421052632,830.0,0.0016181608334893006,0.0016181608334893006
211,-39.1667107161202,-107.118421052632,375.0,0.0007310967621186599,0.0007310967621186599
212,-31.7568638592971,-107.118421052632,515.0,0.0010040395533096264,0.0010040395533096264
213,-24.901062370367,-107.118421052632,232.0,0.00045230519683074426,0.00045230519683074426
214,-18.4084801705858,-107.118421052632,295.0,0.0005751294528666791,0.0005751294528666791
215,-12.1531974690079,-107.118421052632,390.0,0.0007603406326034064,0.0007603406326034064
216,-6.0423284190541,-107.118421052632,357.0,0.0006960041175369643,0.0006960041175369643
217,0.0,-107.118421052632,391.0,0.0007622902239690561,0.0007622902239690561
218,6.04232841905411,-107.118421052632,293.0,0.0005712302701353796,0.0005712302701353796
219,12.1531974690079,-107.118421052632,186.0,0.0003626239940108553,0.0003626239940108553
220,18.4084801705859,-107.118421052632,445.0,0.0008675681577141432,0.0008675681577141432
221,24.901062370367,-107.118421052632,262.0,0.000510792937800237,0.000510792937800237
222,31.7568638592971,-107.118421052632,382.0,0.0007447439016782082,0.0007447439016782082
223,39.1667107161202,-107.118421052632,554.0,0.001080073616569967,0.001080073616569967
224,47.4631016370138,-107.118421052632,443.0,0.0008636689749828436,0.0008636689749828436
225,57.3631024964463,-107.118421052632,688.0,0.0013413188595670347,0.0013413188595670347
226,71.3282819359921,-107.118421052632,984.0,0.0019183979037993635,0.0019183979037993635
227,-71.3282819359921,-100.802631578947,161.0,0.00031388420986961133,0.00031388420986961133
228,-57.3631024964463,-100.802631578947,321.0,0.0006258188283735729,0.0006258188283735729
229,-47.4631016370138,-100.802631578947,392.0,0.0007642398153347059,0.0007642398153347059
230,-39.1667107161202,-100.802631578947,440.0,0.0008578202008858943,0.0008578202008858943
231,-31.7568638592971,-100.802631578947,294.0,0.0005731798615010294,0.0005731798615010294
232,-24.901062370367,-100.802631578947,281.0,0.0005478351737475825,0.0005478351737475825
233,-18.4084801705858,-100.802631578947,459.0,0.0008948624368332398,0.0008948624368332398
234,-12.1531974690079,-100.802631578947,393.0,0.0007661894067003556,0.0007661894067003556
235,-6.0423284190541,-100.802631578947,273.0,0.0005322384428223844,0.0005322384428223844
236,0.0,-100.802631578947,415.0,0.0008090804167446503,0.0008090804167446503
237,6.04232841905411,-100.802631578947,640.0,0.0012477384740158463,0.0012477384740158463
238,12.1531974690079,-100.802631578947,591.0,0.001152208497099008,0.001152208497099008
239,18.4084801705859,-100.802631578947,306.0,0.0005965749578888265,0.0005965749578888265
240,24.901062370367,-100.802631578947,406.0,0.0007915340944538025,0.0007915340944538025
241,31.7568638592971,-100.802631578947,267.0,0.0005205408946284859,0.0005205408946284859
242,39.1667107161202,-100.802631578947,662.0,0.001290629484060141,0.001290629484060141
243,47.4631016370138,-100.802631578947,793.0,0.0015460259529602594,0.0015460259529602594
244,57.3631024964463,-100.802631578947,1164.0,0.0022693243496163204,0.0022693243496163204
245,71.3282819359921,-100.802631578947,676.0,0.0013179237631792376,0.0013179237631792376
246,-71.3282819359921,-94.4868421052632,258.0,0.000502994572337638,0.000502994572337638
247,-57.3631024964463,-94.4868421052632,212.0,0.0004133133695177491,0.0004133133695177491
248,-47.4631016370138,-94.4868421052632,342.0,0.0006667602470522178,0.0006667602470522178
249,-39.1667107161202,-94.4868421052632,579.0,0.001128813400711211,0.001128813400711211
250,-31.7568638592971,-94.4868421052632,336.0,0.0006550626988583193,0.0006550626988583193
251,-24.901062370367,-94.4868421052632,495.0,0.0009650477259966311,0.0009650477259966311
252,-18.4084801705858,-94.4868421052632,455.0,0.0008870640713706408,0.0008870640713706408
253,-12.1531974690079,-94.4868421052632,539.0,0.0010508297460852206,0.0010508297460852206
254,-6.0423284190541,-94.4868421052632,146.0,0.00028464033938486495,0.00028464033938486495
255,0.0,-94.4868421052632,512.0,0.000998190779212677,0.000998190779212677
256,6.04232841905411,-94.4868421052632,382.0,0.0007447439016782082,0.0007447439016782082
257,12.1531974690079,-94.4868421052632,634.0,0.0012360409258219476,0.0012360409258219476
258,18.4084801705859,-94.4868421052632,288.0,0.0005614823133071309,0.0005614823133071309
259,24.901062370367,-94.4868421052632,505.0,0.0009845436396531287,0.0009845436396531287
260,31.7568638592971,-94.4868421052632,674.0,0.0013140245804479382,0.0013140245804479382
261,39.1667107161202,-94.4868421052632,562.0,0.001095670347495165,0.001095670347495165
262,47.4631016370138,-94.4868421052632,930.0,0.0018131199700542767,0.0018131199700542767
263,57.3631024964463,-94.4868421052632,645.0,0.0012574864308440951,0.0012574864308440951
264,71.3282819359921,-94.4868421052632,521.0,0.0010157371015035248,0.0010157371015035248
265,-71.3282819359921,-88.1710526315789,419.0,0.0008168787822072493,0.0008168787822072493
266,-57.3631024964463,-88.1710526315789,638.0,0.0012438392912845467,0.0012438392912845467
267,-47.4631016370138,-88.1710526315789,522.0,0.0010176866928691746,0.0010176866928691746
268,-39.1667107161202,-88.1710526315789,354.0,0.000690155343440015,0.000690155343440015
269,-31.7568638592971,-88.1710526315789,298.0,0.0005809782269636285,0.0005809782269636285
270,-24.901062370367,-88.1710526315789,871.0,0.0016980940794809407,0.0016980940794809407
271,-18.4084801705858,-88.1710526315789,379.0,0.000738895127581259,0.000738895127581259
272,-12.1531974690079,-88.1710526315789,316.0,0.0006160708715453241,0.0006160708715453241
273,-6.0423284190541,-88.1710526315789,353.0,0.0006882057520743652,0.0006882057520743652
274,0.0,-88.1710526315789,537.0,0.001046930563353921,0.001046930563353921
275,6.04232841905411,-88.1710526315789,136.0,0.0002651444257283673,0.0002651444257283673
276,12.1531974690079,-88.1710526315789,495.0,0.0009650477259966311,0.0009650477259966311
277,18.4084801705859,-88.1710526315789,595.0,0.001160006862561607,0.001160006862561607
278,24.901062370367,-88.1710526315789,300.0,0.000584877409694928,0.000584877409694928
279,31.7568638592971,-88.1710526315789,401.0,0.0007817861376255537,0.0007817861376255537
280,39.1667107161202,-88.1710526315789,341.0,0.0006648106556865681,0.0006648106556865681
281,47.4631016370138,-88.1710526315789,1022.0,0.0019924823756940547,0.0019924823756940547
282,57.3631024964463,-88.1710526315789,793.0,0.0015460259529602594,0.0015460259529602594
283,71.3282819359921,-88.1710526315789,995.0,0.001939843408821511,0.001939843408821511
284,-71.3282819359921,-81.8552631578947,421.0,0.0008207779649385488,0.0008207779649385488
285,-57.3631024964463,-81.8552631578947,333.0,0.0006492139247613701,0.0006492139247613701
286,-47.4631016370138,-81.8552631578947,613.0,0.0011950995071433029,0.0011950995071433029
287,-39.1667107161202,-81.8552631578947,274.0,0.0005341880341880342,0.0005341880341880342
288,-31.7568638592971,-81.8552631578947,340.0,0.0006628610643209183,0.0006628610643209183
289,-24.901062370367,-81.8552631578947,473.0,0.0009221567159523364,0.0009221567159523364
290,-18.4084801705858,-81.8552631578947,259.0,0.0005049441637032878,0.0005049441637032878
291,-12.1531974690079,-81.8552631578947,282.0,0.0005497847651132323,0.0005497847651132323
292,-6.0423284190541,-81.8552631578947,394.0,0.0007681389980660054,0.0007681389980660054
293,0.0,-81.8552631578947,707.0,0.00137836109551438,0.00137836109551438
294,6.04232841905411,-81.8552631578947,377.0,0.0007349959448499595,0.0007349959448499595
295,12.1531974690079,-81.8552631578947,489.0,0.0009533501778027326,0.0009533501778027326
296,18.4084801705859,-81.8552631578947,471.0,0.0009182575332210369,0.0009182575332210369
297,24.901062370367,-81.8552631578947,498.0,0.0009708965000935804,0.0009708965000935804
298,31.7568638592971,-81.8552631578947,429.0,0.0008363746958637469,0.0008363746958637469
299,39.1667107161202,-81.8552631578947,762.0,0.001485588620625117,0.001485588620625117
300,47.4631016370138,-81.8552631578947,616.0,0.001200948281240252,0.001200948281240252
301,57.3631024964463,-81.8552631578947,932.0,0.001817019152785576,0.001817019152785576
302,71.3282819359921,-81.8552631578947,521.0,0.0010157371015035248,0.0010157371015035248
303,-71.3282819359921,-75.5394736842105,407.0,0.0007934836858194522,0.0007934836858194522
304,-57.3631024964463,-75.5394736842105,313.0,0.0006102220974483748,0.0006102220974483748
305,-47.4631016370138,-75.5394736842105,1080.0,0.0021055586749017404,0.0021055586749017404
306,-39.1667107161202,-75.5394736842105,305.0,0.0005946253665231767,0.0005946253665231767
307,-31.7568638592971,-75.5394736842105,424.0,0.0008266267390354982,0.0008266267390354982
308,-24.901062370367,-75.5394736842105,368.0,0.0007174496225591116,0.0007174496225591116
309,-18.4084801705858,-75.5394736842105,595.0,0.001160006862561607,0.001160006862561607
310,-12.1531974690079,-75.5394736842105,490.0,0.0009552997691683823,0.0009552997691683823
311,-6.0423284190541,-75.5394736842105,350.0,0.0006823569779774159,0.0006823569779774159
312,0.0,-75.5394736842105,711.0,0.0013861594609769791,0.0013861594609769791
313,6.04232841905411,-75.5394736842105,288.0,0.0005614823133071309,0.0005614823133071309
314,12.1531974690079,-75.5394736842105,551.0,0.0010742248424730177,0.0010742248424730177
315,18.4084801705859,-75.5394736842105,498.0,0.0009708965000935804,0.0009708965000935804
316,24.901062370367,-75.5394736842105,358.0,0.000697953708902614,0.000697953708902614
317,31.7568638592971,-75.5394736842105,544.0,0.0010605777029134692,0.0010605777029134692
318,39.1667107161202,-75.5394736842105,654.0,0.0012750327531349428,0.0012750327531349428
319,47.4631016370138,-75.5394736842105,958.0,0.00186770852829247,0.00186770852829247
320,57.3631024964463,-75.5394736842105,586.0,0.0011424605402707592,0.0011424605402707592
321,71.3282819359921,-75.5394736842105,512.0,0.000998190779212677,0.000998190779212677
322,-71.3282819359921,-69.2236842105263,358.0,0.000697953708902614,0.000697953708902614
323,-57.3631024964463,-69.2236842105263,534.0,0.0010410817892569718,0.0010410817892569718
324,-47.4631016370138,-69.2236842105263,489.0,0.0009533501778027326,0.0009533501778027326
325,-39.1667107161202,-69.2236842105263,297.0,0.0005790286355979786,0.0005790286355979786
326,-31.7568638592971,-69.2236842105263,325.0,0.0006336171938361719,0.0006336171938361719
327,-24.901062370367,-69.2236842105263,600.0,0.001169754819389856,0.001169754819389856
328,-18.4084801705858,-69.2236842105263,622.0,0.0012126458294341505,0.0012126458294341505
329,-12.1531974690079,-69.2236842105263,467.0,0.0009104591677584379,0.0009104591677584379
330,-6.0423284190541,-69.2236842105263,338.0,0.0006589618815896188,0.0006589618815896188
331,0.0,-69.2236842105263,513.0,0.0010001403705783268,0.0010001403705783268
332,6.04232841905411,-69.2236842105263,451.0,0.0008792657059080417,0.0008792657059080417
333,12.1531974690079,-69.2236842105263,685.0,0.0013354700854700855,0.0013354700854700855
334,18.4084801705859,-69.2236842105263,472.0,0.0009202071245866866,0.0009202071245866866
335,24.901062370367,-69.2236842105263,592.0,0.0011541580884646579,0.0011541580884646579
336,31.7568638592971,-69.2236842105263,551.0,0.0010742248424730177,0.0010742248424730177
337,39.1667107161202,-69.2236842105263,853.0,0.0016630014348992452,0.0016630014348992452
338,47.4631016370138,-69.2236842105263,816.0,0.001590866554370204,0.001590866554370204
339,57.3631024964463,-69.2236842105263,782.0,0.0015245804479381122,0.0015245804479381122
340,71.3282819359921,-69.2236842105263,462.0,0.000900711210930189,0.000900711210930189
341,-71.3282819359921,-62.9078947368421,253.0,0.0004932466155093893,0.0004932466155093893
342,-57.3631024964463,-62.9078947368421,222.0,0.0004328092831742467,0.0004328092831742467
343,-47.4631016370138,-62.9078947368421,912.0,0.001778027325472581,0.001778027325472581
344,-39.1667107161202,-62.9078947368421,814.0,0.0015869673716389044,0.0015869673716389044
345,-31.7568638592971,-62.9078947368421,660.0,0.0012867303013288415,0.0012867303013288415
346,-24.901062370367,-62.9078947368421,437.0,0.000851971426788945,0.000851971426788945
347,-18.4084801705858,-62.9078947368421,808.0,0.001575269823445006,0.001575269823445006
348,-12.1531974690079,-62.9078947368421,586.0,0.0011424605402707592,0.0011424605402707592
349,-6.0423284190541,-62.9078947368421,342.0,0.0006667602470522178,0.0006667602470522178
350,0.0,-62.9078947368421,738.0,0.0014387984278495228,0.0014387984278495228
351,6.04232841905411,-62.9078947368421,533.0,0.001039132197891322,0.001039132197891322
352,12.1531974690079,-62.9078947368421,330.0,0.0006433651506644207,0.0006433651506644207
353,18.4084801705859,-62.9078947368421,542.0,0.0010566785201821698,0.0010566785201821698
354,24.901062370367,-62.9078947368421,918.0,0.0017897248736664796,0.0017897248736664796
355,31.7568638592971,-62.9078947368421,679.0,0.0013237725372761868,0.0013237725372761868
356,39.1667107161202,-62.9078947368421,709.0,0.0013822602782456797,0.0013822602782456797
357,47.4631016370138,-62.9078947368421,906.0,0.0017663297772786825,0.0017663297772786825
358,57.3631024964463,-62.9078947368421,480.0,0.0009358038555118847,0.0009358038555118847
359,71.3282819359921,-62.9078947368421,515.0,0.0010040395533096264,0.0010040395533096264
360,-71.3282819359921,-56.5921052631579,257.0,0.0005010449809719883,0.0005010449809719883
361,-57.3631024964463,-56.5921052631579,412.0,0.0008032316426477011,0.0008032316426477011
362,-47.4631016370138,-56.5921052631579,551.0,0.0010742248424730177,0.0010742248424730177
363,-39.1667107161202,-56.5921052631579,497.0,0.0009689469087279306,0.0009689469087279306
364,-31.7568638592971,-56.5921052631579,561.0,0.0010937207561295152,0.0010937207561295152
365,-24.901062370367,-56.5921052631579,425.0,0.0008285763304011479,0.0008285763304011479
366,-18.4084801705858,-56.5921052631579,483.0,0.000941652629608834,0.000941652629608834
367,-12.1531974690079,-56.5921052631579,550.0,0.001072275251107368,0.001072275251107368
368,-6.0423284190541,-56.5921052631579,353.0,0.0006882057520743652,0.0006882057520743652
369,0.0,-56.5921052631579,356.0,0.0006940545261713145,0.0006940545261713145
370,6.04232841905411,-56.5921052631579,547.0,0.0010664264770104187,0.0010664264770104187
371,12.1531974690079,-56.5921052631579,687.0,0.001339369268201385,0.001339369268201385
372,18.4084801705859,-56.5921052631579,335.0,0.0006531131074926696,0.0006531131074926696
373,24.901062370367,-56.5921052631579,342.0,0.0006667602470522178,0.0006667602470522178
374,31.7568638592971,-56.5921052631579,379.0,0.000738895127581259,0.000738895127581259
375,39.1667107161202,-56.5921052631579,303.0,0.0005907261837918772,0.0005907261837918772
376,47.4631016370138,-56.5921052631579,733.0,0.001429050471021274,0.001429050471021274
377,57.3631024964463,-56.5921052631579,592.0,0.0011541580884646579,0.0011541580884646579
378,71.3282819359921,-56.5921052631579,299.0,0.0005829278183292782,0.0005829278183292782
379,-71.3282819359921,-50.2763157894737,464.0,0.0009046103936614885,0.0009046103936614885
380,-57.3631024964463,-50.2763157894737,836.0,0.0016298583816831992,0.0016298583816831992
381,-47.4631016370138,-50.2763157894737,715.0,0.0013939578264395784,0.0013939578264395784
382,-39.1667107161202,-50.2763157894737,452.0,0.0008812152972736914,0.0008812152972736914
383,-31.7568638592971,-50.2763157894737,528.0,0.001029384241063073,0.001029384241063073
384,-24.901062370367,-50.2763157894737,557.0,0.0010859223906669162,0.0010859223906669162
385,-18.4084801705858,-50.2763157894737,488.0,0.0009514005864370827,0.0009514005864370827
386,-12.1531974690079,-50.2763157894737,587.0,0.001144410131636409,0.001144410131636409
387,-6.0423284190541,-50.2763157894737,294.0,0.0005731798615010294,0.0005731798615010294
388,0.0,-50.2763157894737,619.0,0.0012067970553372013,0.0012067970553372013
389,6.04232841905411,-50.2763157894737,442.0,0.0008617193836171938,0.0008617193836171938
390,12.1531974690079,-50.2763157894737,387.0,0.000754491858506457,0.000754491858506457
391,18.4084801705859,-50.2763157894737,434.0,0.0008461226526919958,0.0008461226526919958
392,24.901062370367,-50.2763157894737,479.0,0.000933854264146235,0.000933854264146235
393,31.7568638592971,-50.2763157894737,494.0,0.0009630981346309814,0.0009630981346309814
394,39.1667107161202,-50.2763157894737,704.0,0.0013725123214174309,0.0013725123214174309
395,47.4631016370138,-50.2763157894737,858.0,0.0016727493917274938,0.0016727493917274938
396,57.3631024964463,-50.2763157894737,486.0,0.0009475014037057832,0.0009475014037057832
397,71.3282819359921,-50.2763157894737,662.0,0.001290629484060141,0.001290629484060141
398,-71.3282819359921,-43.9605263157895,345.0,0.0006726090211491672,0.0006726090211491672
399,-57.3631024964463,-43.9605263157895,462.0,0.000900711210930189,0.000900711210930189
400,-47.4631016370138,-43.9605263157895,1283.0,0.002501325722128642,0.002501325722128642
401,-39.1667107161202,-43.9605263157895,1129.0,0.0022010886518185786,0.0022010886518185786
402,-31.7568638592971,-43.9605263157895,805.0,0.0015694210493480566,0.0015694210493480566
403,-24.901062370367,-43.9605263157895,640.0,0.0012477384740158463,0.0012477384740158463
404,-18.4084801705858,-43.9605263157895,549.0,0.001070325659741718,0.001070325659741718
405,-12.1531974690079,-43.9605263157895,437.0,0.000851971426788945,0.000851971426788945
406,-6.0423284190541,-43.9605263157895,242.0,0.00047180111048724185,0.00047180111048724185
407,0.0,-43.9605263157895,601.0,0.0011717044107555055,0.0011717044107555055
408,6.04232841905411,-43.9605263157895,307.0,0.0005985245492544762,0.0005985245492544762
409,12.1531974690079,-43.9605263157895,666.0,0.0012984278495227401,0.0012984278495227401
410,18.4084801705859,-43.9605263157895,549.0,0.001070325659741718,0.001070325659741718
411,24.901062370367,-43.9605263157895,495.0,0.0009650477259966311,0.0009650477259966311
412,31.7568638592971,-43.9605263157895,561.0,0.0010937207561295152,0.0010937207561295152
413,39.1667107161202,-43.9605263157895,444.0,0.0008656185663484933,0.0008656185663484933
414,47.4631016370138,-43.9605263157895,692.0,0.0013491172250296338,0.0013491172250296338
415,57.3631024964463,-43.9605263157895,384.0,0.0007486430844095078,0.0007486430844095078
416,71.3282819359921,-43.9605263157895,357.0,0.0006960041175369643,0.0006960041175369643
417,-71.3282819359921,-37.6447368421053,619.0,0.0012067970553372013,0.0012067970553372013
418,-57.3631024964463,-37.6447368421053,487.0,0.000949450995071433,0.000949450995071433
419,-47.4631016370138,-37.6447368421053,961.0,0.0018735573023894191,0.0018735573023894191
420,-39.1667107161202,-37.6447368421053,440.0,0.0008578202008858943,0.0008578202008858943
421,-31.7568638592971,-37.6447368421053,581.0,0.0011327125834425104,0.0011327125834425104
422,-24.901062370367,-37.6447368421053,389.0,0.0007583910412377566,0.0007583910412377566
423,-18.4084801705858,-37.6447368421053,312.0,0.0006082725060827251,0.0006082725060827251
424,-12.1531974690079,-37.6447368421053,641.0,0.001249688065381496,0.001249688065381496
425,-6.0423284190541,-37.6447368421053,293.0,0.0005712302701353796,0.0005712302701353796
426,0.0,-37.6447368421053,514.0,0.0010020899619439766,0.0010020899619439766
427,6.04232841905411,-37.6447368421053,287.0,0.000559532721941481,0.000559532721941481
428,12.1531974690079,-37.6447368421053,489.0,0.0009533501778027326,0.0009533501778027326
429,18.4084801705859,-37.6447368421053,444.0,0.0008656185663484933,0.0008656185663484933
430,24.901062370367,-37.6447368421053,523.0,0.0010196362842348245,0.0010196362842348245
431,31.7568638592971,-37.6447368421053,272.0,0.0005302888514567346,0.0005302888514567346
432,39.1667107161202,-37.6447368421053,759.0,0.0014797398465281678,0.0014797398465281678
433,47.4631016370138,-37.6447368421053,381.0,0.0007427943103125585,0.0007427943103125585
434,57.3631024964463,-37.6447368421053,412.0,0.0008032316426477011,0.0008032316426477011
435,71.3282819359921,-37.6447368421053,411.0,0.0008012820512820513,0.0008012820512820513
436,-71.3282819359921,-31.3289473684211,770.0,0.001501185351550315,0.001501185351550315
437,-57.3631024964463,-31.3289473684211,1247.0,0.0024311404329652505,0.0024311404329652505
438,-47.4631016370138,-31.3289473684211,1223.0,0.0023843502401896563,0.0023843502401896563
439,-39.1667107161202,-31.3289473684211,566.0,0.001103468712957764,0.001103468712957764
440,-31.7568638592971,-31.3289473684211,441.0,0.0008597697922515441,0.0008597697922515441
441,-24.901062370367,-31.3289473684211,597.0,0.0011639060452929065,0.0011639060452929065
442,-18.4084801705858,-31.3289473684211,583.0,0.00113661176617381,0.00113661176617381
443,-12.1531974690079,-31.3289473684211,316.0,0.0006160708715453241,0.0006160708715453241
444,-6.0423284190541,-31.3289473684211,458.0,0.00089291284546759,0.00089291284546759
445,0.0,-31.3289473684211,427.0,0.0008324755131324474,0.0008324755131324474
446,6.04232841905411,-31.3289473684211,221.0,0.0004308596918085969,0.0004308596918085969
447,12.1531974690079,-31.3289473684211,284.0,0.0005536839478445318,0.0005536839478445318
448,18.4084801705859,-31.3289473684211,453.0,0.0008831648886393412,0.0008831648886393412
449,24.901062370367,-31.3289473684211,819.0,0.0015967153284671533,0.0015967153284671533
450,31.7568638592971,-31.3289473684211,386.0,0.0007525422671408073,0.0007525422671408073
451,39.1667107161202,-31.3289473684211,399.0,0.0007778869548942541,0.0007778869548942541
452,47.4631016370138,-31.3289473684211,939.0,0.0018306662923451246,0.0018306662923451246
453,57.3631024964463,-31.3289473684211,536.0,0.0010449809719882712,0.0010449809719882712
454,71.3282819359921,-31.3289473684211,307.0,0.0005985245492544762,0.0005985245492544762
455,-71.3282819359921,-25.0131578947368,462.0,0.000900711210930189,0.000900711210930189
456,-57.3631024964463,-25.0131578947368,1200.0,0.002339509638779712,0.002339509638779712
457,-47.4631016370138,-25.0131578947368,1005.0,0.0019593393224780088,0.0019593393224780088
458,-39.1667107161202,-25.0131578947368,293.0,0.0005712302701353796,0.0005712302701353796
459,-31.7568638592971,-25.0131578947368,429.0,0.0008363746958637469,0.0008363746958637469
460,-24.901062370367,-25.0131578947368,710.0,0.0013842098696113295,0.0013842098696113295
461,-18.4084801705858,-25.0131578947368,493.0,0.0009611485432653316,0.0009611485432653316
462,-12.1531974690079,-25.0131578947368,687.0,0.001339369268201385,0.001339369268201385
463,-6.0423284190541,-25.0131578947368,364.0,0.0007096512570965125,0.0007096512570965125
464,0.0,-25.0131578947368,464.0,0.0009046103936614885,0.0009046103936614885
465,6.04232841905411,-25.0131578947368,345.0,0.0006726090211491672,0.0006726090211491672
466,12.1531974690079,-25.0131578947368,277.0,0.0005400368082849835,0.0005400368082849835
467,18.4084801705859,-25.0131578947368,439.0,0.0008558706095202446,0.0008558706095202446
468,24.901062370367,-25.0131578947368,645.0,0.0012574864308440951,0.0012574864308440951
469,31.7568638592971,-25.0131578947368,405.0,0.0007895845030881527,0.0007895845030881527
470,39.1667107161202,-25.0131578947368,448.0,0.0008734169318110924,0.0008734169318110924
471,47.4631016370138,-25.0131578947368,1158.0,0.002257626801422422,0.002257626801422422
472,57.3631024964463,-25.0131578947368,319.0,0.0006219196456422733,0.0006219196456422733
473,71.3282819359921,-25.0131578947368,146.0,0.00028464033938486495,0.00028464033938486495
474,-71.3282819359921,-18.6973684210526,316.0,0.0006160708715453241,0.0006160708715453241
475,-57.3631024964463,-18.6973684210526,883.0,0.0017214891758687379,0.0017214891758687379
476,-47.4631016370138,-18.6973684210526,1271.0,0.0024779306257408447,0.0024779306257408447
477,-39.1667107161202,-18.6973684210526,759.0,0.0014797398465281678,0.0014797398465281678
478,-31.7568638592971,-18.6973684210526,740.0,0.0014426976105808222,0.0014426976105808222
479,-24.901062370367,-18.6973684210526,798.0,0.0015557739097885083,0.0015557739097885083
480,-18.4084801705858,-18.6973684210526,658.0,0.001282831118597542,0.001282831118597542
481,-12.1531974690079,-18.6973684210526,365.0,0.0007116008484621623,0.0007116008484621623
482,-6.0423284190541,-18.6973684210526,596.0,0.001161956453927257,0.001161956453927257
483,0.0,-18.6973684210526,426.0,0.0008305259217667977,0.0008305259217667977
484,6.04232841905411,-18.6973684210526,553.0,0.0010781240252043171,0.0010781240252043171
485,12.1531974690079,-18.6973684210526,281.0,0.0005478351737475825,0.0005478351737475825
486,18.4084801705859,-18.6973684210526,231.0,0.0004503556054650945,0.0004503556054650945
487,24.901062370367,-18.6973684210526,449.0,0.0008753665231767422,0.0008753665231767422
488,31.7568638592971,-18.6973684210526,228.0,0.00044450683136814523,0.00044450683136814523
489,39.1667107161202,-18.6973684210526,388.0,0.0007564414498721069,0.0007564414498721069
490,47.4631016370138,-18.6973684210526,539.0,0.0010508297460852206,0.0010508297460852206
491,57.3631024964463,-18.6973684210526,361.0,0.0007038024829995633,0.0007038024829995633
492,71.3282819359921,-18.6973684210526,676.0,0.0013179237631792376,0.0013179237631792376
493,-71.3282819359921,-12.3815789473684,611.0,0.0011912003244120032,0.0011912003244120032
494,-57.3631024964463,-12.3815789473684,1085.0,0.0021153066317299895,0.0021153066317299895
495,-47.4631016370138,-12.3815789473684,976.0,0.0019028011728741655,0.0019028011728741655
496,-39.1667107161202,-12.3815789473684,646.0,0.0012594360222097447,0.0012594360222097447
497,-31.7568638592971,-12.3815789473684,499.0,0.0009728460914592301,0.0009728460914592301
498,-24.901062370367,-12.3815789473684,382.0,0.0007447439016782082,0.0007447439016782082
499,-18.4084801705858,-12.3815789473684,373.0,0.0007271975793873604,0.0007271975793873604
500,-12.1531974690079,-12.3815789473684,340.0,0.0006628610643209183,0.0006628610643209183
501,-6.0423284190541,-12.3815789473684,478.0,0.0009319046727805851,0.0009319046727805851
502,0.0,-12.3815789473684,420.0,0.0008188283735728991,0.0008188283735728991
503,6.04232841905411,-12.3815789473684,593.0,0.0011561076798303075,0.0011561076798303075
504,12.1531974690079,-12.3815789473684,121.0,0.00023590055524362093,0.00023590055524362093
505,18.4084801705859,-12.3815789473684,243.0,0.0004737507018528916,0.0004737507018528916
506,24.901062370367,-12.3815789473684,524.0,0.001021585875600474,0.001021585875600474
507,31.7568638592971,-12.3815789473684,210.0,0.00040941418678644957,0.00040941418678644957
508,39.1667107161202,-12.3815789473684,647.0,0.0012613856135753946,0.0012613856135753946
509,47.4631016370138,-12.3815789473684,377.0,0.0007349959448499595,0.0007349959448499595
510,57.3631024964463,-12.3815789473684,155.0,0.0003021866616757128,0.0003021866616757128
511,71.3282819359921,-12.3815789473684,365.0,0.0007116008484621623,0.0007116008484621623
512,-71.3282819359921,-6.06578947368421,572.0,0.0011151662611516627,0.0011151662611516627
513,-57.3631024964463,-6.06578947368421,1158.0,0.002257626801422422,0.002257626801422422
514,-47.4631016370138,-6.06578947368421,962.0,0.001875506893755069,0.001875506893755069
515,-39.1667107161202,-6.06578947368421,450.0,0.0008773161145423919,0.0008773161145423919
516,-31.7568638592971,-6.06578947368421,224.0,0.0004367084659055462,0.0004367084659055462
517,-24.901062370367,-6.06578947368421,504.0,0.0009825940482874789,0.0009825940482874789
518,-18.4084801705858,-6.06578947368421,258.0,0.000502994572337638,0.000502994572337638
519,-12.1531974690079,-6.06578947368421,404.0,0.000787634911722503,0.000787634911722503
520,-6.0423284190541,-6.06578947368421,397.0,0.0007739877721629546,0.0007739877721629546
521,0.0,-6.06578947368421,293.0,0.0005712302701353796,0.0005712302701353796
522,6.04232841905411,-6.06578947368421,180.0,0.00035092644581695675,0.00035092644581695675
523,12.1531974690079,-6.06578947368421,529.0,0.001031333832428723,0.001031333832428723
524,18.4084801705859,-6.06578947368421,329.0,0.000641415559298771,0.000641415559298771
525,24.901062370367,-6.06578947368421,709.0,0.0013822602782456797,0.0013822602782456797
526,31.7568638592971,-6.06578947368421,456.0,0.0008890136627362905,0.0008890136627362905
527,39.1667107161202,-6.06578947368421,561.0,0.0010937207561295152,0.0010937207561295152
528,47.4631016370138,-6.06578947368421,1002.0,0.0019534905483810593,0.0019534905483810593
529,57.3631024964463,-6.06578947368421,327.0,0.0006375163765674714,0.0006375163765674714
530,71.3282819359921,-6.06578947368421,404.0,0.000787634911722503,0.000787634911722503
531,-71.3282819359921,0.25,560.0,0.0010917711647638656,0.0010917711647638656
532,-57.3631024964463,0.25,786.0,0.0015323788134007112,0.0015323788134007112
533,-47.4631016370138,0.25,1003.0,0.001955440139746709,0.001955440139746709
534,-39.1667107161202,0.25,495.0,0.0009650477259966311,0.0009650477259966311
535,-31.7568638592971,0.25,276.0,0.0005380872169193338,0.0005380872169193338
536,-24.901062370367,0.25,456.0,0.0008890136627362905,0.0008890136627362905
537,-18.4084801705858,0.25,288.0,0.0005614823133071309,0.0005614823133071309
538,-12.1531974690079,0.25,269.0,0.0005244400773597854,0.0005244400773597854
539,-6.0423284190541,0.25,236.0,0.0004601035622933433,0.0004601035622933433
540,0.0,0.25,516.0,0.001005989144675276,0.001005989144675276
541,6.04232841905411,0.25,470.0,0.0009163079418553871,0.0009163079418553871
542,12.1531974690079,0.25,485.0,0.0009455518123401335,0.0009455518123401335
543,18.4084801705859,0.25,247.0,0.0004815490673154907,0.0004815490673154907
544,24.901062370367,0.25,541.0,0.00105472892881652,0.00105472892881652
545,31.7568638592971,0.25,593.0,0.0011561076798303075,0.0011561076798303075
546,39.1667107161202,0.25,325.0,0.0006336171938361719,0.0006336171938361719
547,47.4631016370138,0.25,462.0,0.000900711210930189,0.000900711210930189
548,57.3631024964463,0.25,371.0,0.0007232983966560609,0.0007232983966560609
549,71.3282819359921,0.25,154.0,0.000300237070310063,0.000300237070310063
550,-71.3282819359921,6.56578947368421,795.0,0.001549925135691559,0.001549925135691559
551,-57.3631024964463,6.56578947368421,625.0,0.0012184946035311,0.0012184946035311
552,-47.4631016370138,6.56578947368421,962.0,0.001875506893755069,0.001875506893755069
553,-39.1667107161202,6.56578947368421,398.0,0.0007759373635286044,0.0007759373635286044
554,-31.7568638592971,6.56578947368421,547.0,0.0010664264770104187,0.0010664264770104187
555,-24.901062370367,6.56578947368421,303.0,0.0005907261837918772,0.0005907261837918772
556,-18.4084801705858,6.56578947368421,340.0,0.0006628610643209183,0.0006628610643209183
557,-12.1531974690079,6.56578947368421,275.0,0.000536137625553684,0.000536137625553684
558,-6.0423284190541,6.56578947368421,449.0,0.0008753665231767422,0.0008753665231767422
559,0.0,6.56578947368421,773.0,0.0015070341256472643,0.0015070341256472643
560,6.04232841905411,6.56578947368421,341.0,0.0006648106556865681,0.0006648106556865681
561,12.1531974690079,6.56578947368421,213.0,0.00041526296088339885,0.00041526296088339885
562,18.4084801705859,6.56578947368421,601.0,0.0011717044107555055,0.0011717044107555055
563,24.901062370367,6.56578947368421,350.0,0.0006823569779774159,0.0006823569779774159
564,31.7568638592971,6.56578947368421,275.0,0.000536137625553684,0.000536137625553684
565,39.1667107161202,6.56578947368421,604.0,0.001177553184852455,0.001177553184852455
566,47.4631016370138,6.56578947368421,772.0,0.0015050845342816147,0.0015050845342816147
567,57.3631024964463,6.56578947368421,316.0,0.0006160708715453241,0.0006160708715453241
568,71.3282819359921,6.56578947368421,195.0,0.0003801703163017032,0.0003801703163017032
569,-71.3282819359921,12.8815789473684,882.0,0.0017195395845030883,0.0017195395845030883
570,-57.3631024964463,12.8815789473684,616.0,0.001200948281240252,0.001200948281240252
571,-47.4631016370138,12.8815789473684,1168.0,0.0022771227150789196,0.0022771227150789196
572,-39.1667107161202,12.8815789473684,662.0,0.001290629484060141,0.001290629484060141
573,-31.7568638592971,12.8815789473684,302.0,0.0005887765924262275,0.0005887765924262275
574,-24.901062370367,12.8815789473684,565.0,0.0011015191215921142,0.0011015191215921142
575,-18.4084801705858,12.8815789473684,398.0,0.0007759373635286044,0.0007759373635286044
576,-12.1531974690079,12.8815789473684,178.0,0.00034702726308565723,0.00034702726308565723
577,-6.0423284190541,12.8815789473684,499.0,0.0009728460914592301,0.0009728460914592301
578,0.0,12.8815789473684,304.0,0.000592675775157527,0.000592675775157527
579,6.04232841905411,12.8815789473684,392.0,0.0007642398153347059,0.0007642398153347059
580,12.1531974690079,12.8815789473684,282.0,0.0005497847651132323,0.0005497847651132323
581,18.4084801705859,12.8815789473684,301.0,0.0005868270010605777,0.0005868270010605777
582,24.901062370367,12.8815789473684,303.0,0.0005907261837918772,0.0005907261837918772
583,31.7568638592971,12.8815789473684,424.0,0.0008266267390354982,0.0008266267390354982
584,39.1667107161202,12.8815789473684,417.0,0.0008129795994759498,0.0008129795994759498
585,47.4631016370138,12.8815789473684,421.0,0.0008207779649385488,0.0008207779649385488
586,57.3631024964463,12.8815789473684,427.0,0.0008324755131324474,0.0008324755131324474
587,71.3282819359921,12.8815789473684,312.0,0.0006082725060827251,0.0006082725060827251
588,-71.3282819359921,19.1973684210526,924.0,0.001801422421860378,0.001801422421860378
589,-57.3631024964463,19.1973684210526,833.0,0.00162400960758625,0.00162400960758625
590,-47.4631016370138,19.1973684210526,843.0,0.0016435055212427475,0.0016435055212427475
591,-39.1667107161202,19.1973684210526,482.0,0.0009397030382431842,0.0009397030382431842
592,-31.7568638592971,19.1973684210526,399.0,0.0007778869548942541,0.0007778869548942541
593,-24.901062370367,19.1973684210526,468.0,0.0009124087591240876,0.0009124087591240876
594,-18.4084801705858,19.1973684210526,366.0,0.000713550439827812,0.000713550439827812
595,-12.1531974690079,19.1973684210526,273.0,0.0005322384428223844,0.0005322384428223844
596,-6.0423284190541,19.1973684210526,359.0,0.0006999033002682638,0.0006999033002682638
597,0.0,19.1973684210526,310.0,0.0006043733233514256,0.0006043733233514256
598,6.04232841905411,19.1973684210526,439.0,0.0008558706095202446,0.0008558706095202446
599,12.1531974690079,19.1973684210526,180.0,0.00035092644581695675,0.00035092644581695675
600,18.4084801705859,19.1973684210526,244.0,0.00047570029321854137,0.00047570029321854137
601,24.901062370367,19.1973684210526,274.0,0.0005341880341880342,0.0005341880341880342
602,31.7568638592971,19.1973684210526,347.0,0.0006765082038804667,0.0006765082038804667
603,39.1667107161202,19.1973684210526,349.0,0.0006804073866117662,0.0006804073866117662
604,47.4631016370138,19.1973684210526,635.0,0.0012379905171875974,0.0012379905171875974
605,57.3631024964463,19.1973684210526,369.0,0.0007193992139247614,0.0007193992139247614
606,71.3282819359921,19.1973684210526,212.0,0.0004133133695177491,0.0004133133695177491
607,-71.3282819359921,25.5131578947368,555.0,0.0010820232079356167,0.0010820232079356167
608,-57.3631024964463,25.5131578947368,529.0,0.001031333832428723,0.001031333832428723
609,-47.4631016370138,25.5131578947368,379.0,0.000738895127581259,0.000738895127581259
610,-39.1667107161202,25.5131578947368,418.0,0.0008149291908415996,0.0008149291908415996
611,-31.7568638592971,25.5131578947368,650.0,0.0012672343876723438,0.0012672343876723438
612,-24.901062370367,25.5131578947368,681.0,0.0013276717200074865,0.0013276717200074865
613,-18.4084801705858,25.5131578947368,171.0,0.0003333801235261089,0.0003333801235261089
614,-12.1531974690079,25.5131578947368,382.0,0.0007447439016782082,0.0007447439016782082
615,-6.0423284190541,25.5131578947368,392.0,0.0007642398153347059,0.0007642398153347059
616,0.0,25.5131578947368,367.0,0.0007155000311934619,0.0007155000311934619
617,6.04232841905411,25.5131578947368,463.0,0.0009026608022958388,0.0009026608022958388
618,12.1531974690079,25.5131578947368,402.0,0.0007837357289912035,0.0007837357289912035
619,18.4084801705859,25.5131578947368,305.0,0.0005946253665231767,0.0005946253665231767
620,24.901062370367,25.5131578947368,340.0,0.0006628610643209183,0.0006628610643209183
621,31.7568638592971,25.5131578947368,184.0,0.0003587248112795558,0.0003587248112795558
622,39.1667107161202,25.5131578947368,386.0,0.0007525422671408073,0.0007525422671408073
623,47.4631016370138,25.5131578947368,784.0,0.0015284796306694118,0.0015284796306694118
624,57.3631024964463,25.5131578947368,180.0,0.00035092644581695675,0.00035092644581695675
625,71.3282819359921,25.5131578947368,458.0,0.00089291284546759,0.00089291284546759
626,-71.3282819359921,31.8289473684211,408.0,0.000795433277185102,0.000795433277185102
627,-57.3631024964463,31.8289473684211,678.0,0.0013218229459105372,0.0013218229459105372
628,-47.4631016370138,31.8289473684211,604.0,0.001177553184852455,0.001177553184852455
629,-39.1667107161202,31.8289473684211,457.0,0.0008909632541019403,0.0008909632541019403
630,-31.7568638592971,31.8289473684211,419.0,0.0008168787822072493,0.0008168787822072493
631,-24.901062370367,31.8289473684211,353.0,0.0006882057520743652,0.0006882057520743652
632,-18.4084801705858,31.8289473684211,447.0,0.0008714673404454427,0.0008714673404454427
633,-12.1531974690079,31.8289473684211,347.0,0.0006765082038804667,0.0006765082038804667
634,-6.0423284190541,31.8289473684211,240.0,0.00046790192775594233,0.00046790192775594233
635,0.0,31.8289473684211,193.0,0.00037627113357040367,0.00037627113357040367
636,6.04232841905411,31.8289473684211,189.0,0.0003684727681078046,0.0003684727681078046
637,12.1531974690079,31.8289473684211,275.0,0.000536137625553684,0.000536137625553684
638,18.4084801705859,31.8289473684211,391.0,0.0007622902239690561,0.0007622902239690561
639,24.901062370367,31.8289473684211,614.0,0.0011970490985089525,0.0011970490985089525
640,31.7568638592971,31.8289473684211,215.0,0.00041916214361469836,0.00041916214361469836
641,39.1667107161202,31.8289473684211,145.0,0.0002826907480192152,0.0002826907480192152
642,47.4631016370138,31.8289473684211,478.0,0.0009319046727805851,0.0009319046727805851
643,57.3631024964463,31.8289473684211,108.0,0.00021055586749017406,0.00021055586749017406
644,71.3282819359921,31.8289473684211,194.0,0.00037822072493605343,0.00037822072493605343
645,-71.3282819359921,38.1447368421053,571.0,0.0011132166697860129,0.0011132166697860129
646,-57.3631024964463,38.1447368421053,675.0,0.0013159741718135878,0.0013159741718135878
647,-47.4631016370138,38.1447368421053,649.0,0.0012652847963066942,0.0012652847963066942
648,-39.1667107161202,38.1447368421053,567.0,0.0011054183043234138,0.0011054183043234138
649,-31.7568638592971,38.1447368421053,600.0,0.001169754819389856,0.001169754819389856
650,-24.901062370367,38.1447368421053,421.0,0.0008207779649385488,0.0008207779649385488
651,-18.4084801705858,38.1447368421053,548.0,0.0010683760683760685,0.0010683760683760685
652,-12.1531974690079,38.1447368421053,280.0,0.0005458855823819328,0.0005458855823819328
653,-6.0423284190541,38.1447368421053,252.0,0.0004912970241437394,0.0004912970241437394
654,0.0,38.1447368421053,249.0,0.0004854482500467902,0.0004854482500467902
655,6.04232841905411,38.1447368421053,292.0,0.0005692806787697299,0.0005692806787697299
656,12.1531974690079,38.1447368421053,453.0,0.0008831648886393412,0.0008831648886393412
657,18.4084801705859,38.1447368421053,288.0,0.0005614823133071309,0.0005614823133071309
658,24.901062370367,38.1447368421053,250.0,0.00048739784141244,0.00048739784141244
659,31.7568638592971,38.1447368421053,536.0,0.0010449809719882712,0.0010449809719882712
660,39.1667107161202,38.1447368421053,398.0,0.0007759373635286044,0.0007759373635286044
661,47.4631016370138,38.1447368421053,433.0,0.000844173061326346,0.000844173061326346
662,57.3631024964463,38.1447368421053,275.0,0.000536137625553684,0.000536137625553684
663,71.3282819359921,38.1447368421053,201.0,0.00039186786449560174,0.00039186786449560174
664,-71.3282819359921,44.4605263157895,727.0,0.0014173529228273755,0.0014173529228273755
665,-57.3631024964463,44.4605263157895,634.0,0.0012360409258219476,0.0012360409258219476
666,-47.4631016370138,44.4605263157895,862.0,0.0016805477571900929,0.0016805477571900929
667,-39.1667107161202,44.4605263157895,545.0,0.001062527294279119,0.001062527294279119
668,-31.7568638592971,44.4605263157895,379.0,0.000738895127581259,0.000738895127581259
669,-24.901062370367,44.4605263157895,349.0,0.0006804073866117662,0.0006804073866117662
670,-18.4084801705858,44.4605263157895,608.0,0.001185351550315054,0.001185351550315054
671,-12.1531974690079,44.4605263157895,320.0,0.0006238692370079231,0.0006238692370079231
672,-6.0423284190541,44.4605263157895,225.0,0.00043865805727119595,0.00043865805727119595
673,0.0,44.4605263157895,151.0,0.00029438829621311374,0.00029438829621311374
674,6.04232841905411,44.4605263157895,261.0,0.0005088433464345873,0.0005088433464345873
675,12.1531974690079,44.4605263157895,339.0,0.0006609114729552686,0.0006609114729552686
676,18.4084801705859,44.4605263157895,386.0,0.0007525422671408073,0.0007525422671408073
677,24.901062370367,44.4605263157895,338.0,0.0006589618815896188,0.0006589618815896188
678,31.7568638592971,44.4605263157895,297.0,0.0005790286355979786,0.0005790286355979786
679,39.1667107161202,44.4605263157895,337.0,0.0006570122902239691,0.0006570122902239691
680,47.4631016370138,44.4605263157895,315.0,0.0006141212801796743,0.0006141212801796743
681,57.3631024964463,44.4605263157895,170.0,0.00033143053216045916,0.00033143053216045916
682,71.3282819359921,44.4605263157895,307.0,0.0005985245492544762,0.0005985245492544762
683,-71.3282819359921,50.7763157894737,623.0,0.0012145954207998003,0.0012145954207998003
684,-57.3631024964463,50.7763157894737,733.0,0.001429050471021274,0.001429050471021274
685,-47.4631016370138,50.7763157894737,858.0,0.0016727493917274938,0.0016727493917274938
686,-39.1667107161202,50.7763157894737,372.0,0.0007252479880217106,0.0007252479880217106
687,-31.7568638592971,50.7763157894737,393.0,0.0007661894067003556,0.0007661894067003556
688,-24.901062370367,50.7763157894737,762.0,0.001485588620625117,0.001485588620625117
689,-18.4084801705858,50.7763157894737,462.0,0.000900711210930189,0.000900711210930189
690,-12.1531974690079,50.7763157894737,560.0,0.0010917711647638656,0.0010917711647638656
691,-6.0423284190541,50.7763157894737,294.0,0.0005731798615010294,0.0005731798615010294
692,0.0,50.7763157894737,182.0,0.00035482562854825627,0.00035482562854825627
693,6.04232841905411,50.7763157894737,507.0,0.0009884428223844283,0.0009884428223844283
694,12.1531974690079,50.7763157894737,434.0,0.0008461226526919958,0.0008461226526919958
695,18.4084801705859,50.7763157894737,168.0,0.00032753134942915964,0.00032753134942915964
696,24.901062370367,50.7763157894737,204.0,0.000397716638592551,0.000397716638592551
697,31.7568638592971,50.7763157894737,374.0,0.0007291471707530101,0.0007291471707530101
698,39.1667107161202,50.7763157894737,502.0,0.0009786948655561795,0.0009786948655561795
699,47.4631016370138,50.7763157894737,634.0,0.0012360409258219476,0.0012360409258219476
700,57.3631024964463,50.7763157894737,381.0,0.0007427943103125585,0.0007427943103125585
701,71.3282819359921,50.7763157894737,203.0,0.00039576704722690126,0.00039576704722690126
702,-71.3282819359921,57.0921052631579,719.0,0.0014017561919021774,0.0014017561919021774
703,-57.3631024964463,57.0921052631579,306.0,0.0005965749578888265,0.0005965749578888265
704,-47.4631016370138,57.0921052631579,945.0,0.001842363840539023,0.001842363840539023
705,-39.1667107161202,57.0921052631579,437.0,0.000851971426788945,0.000851971426788945
706,-31.7568638592971,57.0921052631579,237.0,0.00046205315365899306,0.00046205315365899306
707,-24.901062370367,57.0921052631579,403.0,0.0007856853203568532,0.0007856853203568532
708,-18.4084801705858,57.0921052631579,230.0,0.00044840601409944475,0.00044840601409944475
709,-12.1531974690079,57.0921052631579,357.0,0.0006960041175369643,0.0006960041175369643
710,-6.0423284190541,57.0921052631579,344.0,0.0006706594297835174,0.0006706594297835174
711,0.0,57.0921052631579,355.0,0.0006921049348056648,0.0006921049348056648
712,6.04232841905411,57.0921052631579,292.0,0.0005692806787697299,0.0005692806787697299
713,12.1531974690079,57.0921052631579,285.0,0.0005556335392101815,0.0005556335392101815
714,18.4084801705859,57.0921052631579,362.0,0.000705752074365213,0.000705752074365213
715,24.901062370367,57.0921052631579,462.0,0.000900711210930189,0.000900711210930189
716,31.7568638592971,57.0921052631579,490.0,0.0009552997691683823,0.0009552997691683823
717,39.1667107161202,57.0921052631579,283.0,0.000551734356478882,0.000551734356478882
718,47.4631016370138,57.0921052631579,473.0,0.0009221567159523364,0.0009221567159523364
719,57.3631024964463,57.0921052631579,369.0,0.0007193992139247614,0.0007193992139247614
720,71.3282819359921,57.0921052631579,364.0,0.0007096512570965125,0.0007096512570965125
721,-71.3282819359921,63.4078947368421,621.0,0.001210696238068501,0.001210696238068501
722,-57.3631024964463,63.4078947368421,799.0,0.0015577235011541581,0.0015577235011541581
723,-47.4631016370138,63.4078947368421,571.0,0.0011132166697860129,0.0011132166697860129
724,-39.1667107161202,63.4078947368421,423.0,0.0008246771476698484,0.0008246771476698484
725,-31.7568638592971,63.4078947368421,239.0,0.0004659523363902926,0.0004659523363902926
726,-24.901062370367,63.4078947368421,342.0,0.0006667602470522178,0.0006667602470522178
727,-18.4084801705858,63.4078947368421,731.0,0.0014251512882899745,0.0014251512882899745
728,-12.1531974690079,63.4078947368421,275.0,0.000536137625553684,0.000536137625553684
729,-6.0423284190541,63.4078947368421,298.0,0.0005809782269636285,0.0005809782269636285
730,0.0,63.4078947368421,335.0,0.0006531131074926696,0.0006531131074926696
731,6.04232841905411,63.4078947368421,570.0,0.001111267078420363,0.001111267078420363
732,12.1531974690079,63.4078947368421,154.0,0.000300237070310063,0.000300237070310063
733,18.4084801705859,63.4078947368421,330.0,0.0006433651506644207,0.0006433651506644207
734,24.901062370367,63.4078947368421,228.0,0.00044450683136814523,0.00044450683136814523
735,31.7568638592971,63.4078947368421,188.0,0.0003665231767421548,0.0003665231767421548
736,39.1667107161202,63.4078947368421,417.0,0.0008129795994759498,0.0008129795994759498
737,47.4631016370138,63.4078947368421,473.0,0.0009221567159523364,0.0009221567159523364
738,57.3631024964463,63.4078947368421,410.0,0.0007993324599164015,0.0007993324599164015
739,71.3282819359921,63.4078947368421,208.0,0.00040551500405515005,0.00040551500405515005
740,-71.3282819359921,69.7236842105263,635.0,0.0012379905171875974,0.0012379905171875974
741,-57.3631024964463,69.7236842105263,466.0,0.000908509576392788,0.000908509576392788
742,-47.4631016370138,69.7236842105263,792.0,0.0015440763615946099,0.0015440763615946099
743,-39.1667107161202,69.7236842105263,464.0,0.0009046103936614885,0.0009046103936614885
744,-31.7568638592971,69.7236842105263,616.0,0.001200948281240252,0.001200948281240252
745,-24.901062370367,69.7236842105263,410.0,0.0007993324599164015,0.0007993324599164015
746,-18.4084801705858,69.7236842105263,340.0,0.0006628610643209183,0.0006628610643209183
747,-12.1531974690079,69.7236842105263,334.0,0.0006511635161270198,0.0006511635161270198
748,-6.0423284190541,69.7236842105263,118.0,0.00023005178114667165,0.00023005178114667165
749,0.0,69.7236842105263,281.0,0.0005478351737475825,0.0005478351737475825
750,6.04232841905411,69.7236842105263,334.0,0.0006511635161270198,0.0006511635161270198
751,12.1531974690079,69.7236842105263,357.0,0.0006960041175369643,0.0006960041175369643
752,18.4084801705859,69.7236842105263,294.0,0.0005731798615010294,0.0005731798615010294
753,24.901062370367,69.7236842105263,409.0,0.0007973828685507517,0.0007973828685507517
754,31.7568638592971,69.7236842105263,295.0,0.0005751294528666791,0.0005751294528666791
755,39.1667107161202,69.7236842105263,338.0,0.0006589618815896188,0.0006589618815896188
756,47.4631016370138,69.7236842105263,701.0,0.0013666635473204816,0.0013666635473204816
757,57.3631024964463,69.7236842105263,625.0,0.0012184946035311,0.0012184946035311
758,71.3282819359921,69.7236842105263,197.0,0.0003840694990330027,0.0003840694990330027
759,-71.3282819359921,76.0394736842105,517.0,0.0010079387360409258,0.0010079387360409258
760,-57.3631024964463,76.0394736842105,542.0,0.0010566785201821698,0.0010566785201821698
761,-47.4631016370138,76.0394736842105,1053.0,0.002052919708029197,0.002052919708029197
762,-39.1667107161202,76.0394736842105,639.0,0.0012457888826501965,0.0012457888826501965
763,-31.7568638592971,76.0394736842105,368.0,0.0007174496225591116,0.0007174496225591116
764,-24.901062370367,76.0394736842105,412.0,0.0008032316426477011,0.0008032316426477011
765,-18.4084801705858,76.0394736842105,450.0,0.0008773161145423919,0.0008773161145423919
766,-12.1531974690079,76.0394736842105,508.0,0.000990392413750078,0.000990392413750078
767,-6.0423284190541,76.0394736842105,455.0,0.0008870640713706408,0.0008870640713706408
768,0.0,76.0394736842105,247.0,0.0004815490673154907,0.0004815490673154907
769,6.04232841905411,76.0394736842105,175.0,0.00034117848898870796,0.00034117848898870796
770,12.1531974690079,76.0394736842105,227.0,0.00044255724000249547,0.00044255724000249547
771,18.4084801705859,76.0394736842105,504.0,0.0009825940482874789,0.0009825940482874789
772,24.901062370367,76.0394736842105,345.0,0.0006726090211491672,0.0006726090211491672
773,31.7568638592971,76.0394736842105,202.0,0.0003938174558612515,0.0003938174558612515
774,39.1667107161202,76.0394736842105,498.0,0.0009708965000935804,0.0009708965000935804
775,47.4631016370138,76.0394736842105,556.0,0.0010839727993012666,0.0010839727993012666
776,57.3631024964463,76.0394736842105,172.0,0.0003353297148917587,0.0003353297148917587
777,71.3282819359921,76.0394736842105,371.0,0.0007232983966560609,0.0007232983966560609
778,-71.3282819359921,82.3552631578948,408.0,0.000795433277185102,0.000795433277185102
779,-57.3631024964463,82.3552631578948,723.0,0.0014095545573647764,0.0014095545573647764
780,-47.4631016370138,82.3552631578948,590.0,0.0011502589057333582,0.0011502589057333582
781,-39.1667107161202,82.3552631578948,493.0,0.0009611485432653316,0.0009611485432653316
782,-31.7568638592971,82.3552631578948,446.0,0.0008695177490797929,0.0008695177490797929
783,-24.901062370367,82.3552631578948,283.0,0.000551734356478882,0.000551734356478882
784,-18.4084801705858,82.3552631578948,500.0,0.00097479568282488,0.00097479568282488
785,-12.1531974690079,82.3552631578948,429.0,0.0008363746958637469,0.0008363746958637469
786,-6.0423284190541,82.3552631578948,462.0,0.000900711210930189,0.000900711210930189
787,0.0,82.3552631578948,535.0,0.0010430313806226216,0.0010430313806226216
788,6.04232841905411,82.3552631578948,497.0,0.0009689469087279306,0.0009689469087279306
789,12.1531974690079,82.3552631578948,493.0,0.0009611485432653316,0.0009611485432653316
790,18.4084801705859,82.3552631578948,352.0,0.0006862561607087154,0.0006862561607087154
791,24.901062370367,82.3552631578948,504.0,0.0009825940482874789,0.0009825940482874789
792,31.7568638592971,82.3552631578948,301.0,0.0005868270010605777,0.0005868270010605777
793,39.1667107161202,82.3552631578948,457.0,0.0008909632541019403,0.0008909632541019403
794,47.4631016370138,82.3552631578948,602.0,0.0011736540021211554,0.0011736540021211554
795,57.3631024964463,82.3552631578948,226.0,0.0004406076486368457,0.0004406076486368457
796,71.3282819359921,82.3552631578948,411.0,0.0008012820512820513,0.0008012820512820513
797,-71.3282819359921,88.671052631579,296.0,0.0005770790442323289,0.0005770790442323289
798,-57.3631024964463,88.671052631579,735.0,0.0014329496537525735,0.0014329496537525735
799,-47.4631016370138,88.671052631579,780.0,0.0015206812652068127,0.0015206812652068127
800,-39.1667107161202,88.671052631579,481.0,0.0009377534468775345,0.0009377534468775345
801,-31.7568638592971,88.671052631579,483.0,0.000941652629608834,0.000941652629608834
802,-24.901062370367,88.671052631579,240.0,0.00046790192775594233,0.00046790192775594233
803,-18.4084801705858,88.671052631579,528.0,0.001029384241063073,0.001029384241063073
804,-12.1531974690079,88.671052631579,150.0,0.000292438704847464,0.000292438704847464
805,-6.0423284190541,88.671052631579,289.0,0.0005634319046727806,0.0005634319046727806
806,0.0,88.671052631579,833.0,0.00162400960758625,0.00162400960758625
807,6.04232841905411,88.671052631579,674.0,0.0013140245804479382,0.0013140245804479382
808,12.1531974690079,88.671052631579,465.0,0.0009065599850271383,0.0009065599850271383
809,18.4084801705859,88.671052631579,336.0,0.0006550626988583193,0.0006550626988583193
810,24.901062370367,88.671052631579,429.0,0.0008363746958637469,0.0008363746958637469
811,31.7568638592971,88.671052631579,394.0,0.0007681389980660054,0.0007681389980660054
812,39.1667107161202,88.671052631579,401.0,0.0007817861376255537,0.0007817861376255537
813,47.4631016370138,88.671052631579,654.0,0.0012750327531349428,0.0012750327531349428
814,57.3631024964463,88.671052631579,517.0,0.0010079387360409258,0.0010079387360409258
815,71.3282819359921,88.671052631579,259.0,0.0005049441637032878,0.0005049441637032878
816,-71.3282819359921,94.9868421052632,313.0,0.0006102220974483748,0.0006102220974483748
817,-57.3631024964463,94.9868421052632,846.0,0.0016493542953396967,0.0016493542953396967
818,-47.4631016370138,94.9868421052632,905.0,0.0017643801859130327,0.0017643801859130327
819,-39.1667107161202,94.9868421052632,972.0,0.0018950028074115664,0.0018950028074115664
820,-31.7568638592971,94.9868421052632,661.0,0.0012886798926944913,0.0012886798926944913
821,-24.901062370367,94.9868421052632,302.0,0.0005887765924262275,0.0005887765924262275
822,-18.4084801705858,94.9868421052632,376.0,0.0007330463534843096,0.0007330463534843096
823,-12.1531974690079,94.9868421052632,350.0,0.0006823569779774159,0.0006823569779774159
824,-6.0423284190541,94.9868421052632,438.0,0.0008539210181545948,0.0008539210181545948
825,0.0,94.9868421052632,246.0,0.0004795994759498409,0.0004795994759498409
826,6.04232841905411,94.9868421052632,439.0,0.0008558706095202446,0.0008558706095202446
827,12.1531974690079,94.9868421052632,190.0,0.00037042235947345434,0.00037042235947345434
828,18.4084801705859,94.9868421052632,500.0,0.00097479568282488,0.00097479568282488
829,24.901062370367,94.9868421052632,549.0,0.001070325659741718,0.001070325659741718
830,31.7568638592971,94.9868421052632,436.0,0.0008500218354232953,0.0008500218354232953
831,39.1667107161202,94.9868421052632,502.0,0.0009786948655561795,0.0009786948655561795
832,47.4631016370138,94.9868421052632,859.0,0.0016746989830931436,0.0016746989830931436
833,57.3631024964463,94.9868421052632,424.0,0.0008266267390354982,0.0008266267390354982
834,71.3282819359921,94.9868421052632,98.0,0.00019105995383367647,0.00019105995383367647
835,-71.3282819359921,101.302631578947,304.0,0.000592675775157527,0.000592675775157527
836,-57.3631024964463,101.302631578947,747.0,0.0014563447501403707,0.0014563447501403707
837,-47.4631016370138,101.302631578947,1019.0,0.0019866336015971053,0.0019866336015971053
838,-39.1667107161202,101.302631578947,396.0,0.0007720381807973049,0.0007720381807973049
839,-31.7568638592971,101.302631578947,601.0,0.0011717044107555055,0.0011717044107555055
840,-24.901062370367,101.302631578947,485.0,0.0009455518123401335,0.0009455518123401335
841,-18.4084801705858,101.302631578947,582.0,0.0011346621748081602,0.0011346621748081602
842,-12.1531974690079,101.302631578947,641.0,0.001249688065381496,0.001249688065381496
843,-6.0423284190541,101.302631578947,285.0,0.0005556335392101815,0.0005556335392101815
844,0.0,101.302631578947,611.0,0.0011912003244120032,0.0011912003244120032
845,6.04232841905411,101.302631578947,714.0,0.0013920082350739286,0.0013920082350739286
846,12.1531974690079,101.302631578947,233.0,0.000454254788196394,0.000454254788196394
847,18.4084801705859,101.302631578947,300.0,0.000584877409694928,0.000584877409694928
848,24.901062370367,101.302631578947,445.0,0.0008675681577141432,0.0008675681577141432
849,31.7568638592971,101.302631578947,447.0,0.0008714673404454427,0.0008714673404454427
850,39.1667107161202,101.302631578947,571.0,0.0011132166697860129,0.0011132166697860129
851,47.4631016370138,101.302631578947,478.0,0.0009319046727805851,0.0009319046727805851
852,57.3631024964463,101.302631578947,272.0,0.0005302888514567346,0.0005302888514567346
853,71.3282819359921,101.302631578947,577.0,0.0011249142179799113,0.0011249142179799113
854,-71.3282819359921,107.618421052632,355.0,0.0006921049348056648,0.0006921049348056648
855,-57.3631024964463,107.618421052632,490.0,0.0009552997691683823,0.0009552997691683823
856,-47.4631016370138,107.618421052632,1100.0,0.002144550502214736,0.002144550502214736
857,-39.1667107161202,107.618421052632,361.0,0.0007038024829995633,0.0007038024829995633
858,-31.7568638592971,107.618421052632,580.0,0.0011307629920768608,0.0011307629920768608
859,-24.901062370367,107.618421052632,660.0,0.0012867303013288415,0.0012867303013288415
860,-18.4084801705858,107.618421052632,544.0,0.0010605777029134692,0.0010605777029134692
861,-12.1531974690079,107.618421052632,586.0,0.0011424605402707592,0.0011424605402707592
862,-6.0423284190541,107.618421052632,542.0,0.0010566785201821698,0.0010566785201821698
863,0.0,107.618421052632,354.0,0.000690155343440015,0.000690155343440015
864,6.04232841905411,107.618421052632,451.0,0.0008792657059080417,0.0008792657059080417
865,12.1531974690079,107.618421052632,219.0,0.0004269605090772974,0.0004269605090772974
866,18.4084801705859,107.618421052632,382.0,0.0007447439016782082,0.0007447439016782082
867,24.901062370367,107.618421052632,326.0,0.0006355667852018217,0.0006355667852018217
868,31.7568638592971,107.618421052632,497.0,0.0009689469087279306,0.0009689469087279306
869,39.1667107161202,107.618421052632,479.0,0.000933854264146235,0.000933854264146235
870,47.4631016370138,107.618421052632,809.0,0.0015772194148106556,0.0015772194148106556
871,57.3631024964463,107.618421052632,368.0,0.0007174496225591116,0.0007174496225591116
872,71.3282819359921,107.618421052632,203.0,0.00039576704722690126,0.00039576704722690126
873,-71.3282819359921,113.934210526316,305.0,0.0005946253665231767,0.0005946253665231767
874,-57.3631024964463,113.934210526316,541.0,0.00105472892881652,0.00105472892881652
875,-47.4631016370138,113.934210526316,580.0,0.0011307629920768608,0.0011307629920768608
876,-39.1667107161202,113.934210526316,655.0,0.0012769823445005926,0.0012769823445005926
877,-31.7568638592971,113.934210526316,336.0,0.0006550626988583193,0.0006550626988583193
878,-24.901062370367,113.934210526316,344.0,0.0006706594297835174,0.0006706594297835174
879,-18.4084801705858,113.934210526316,696.0,0.0013569155904922328,0.0013569155904922328
880,-12.1531974690079,113.934210526316,578.0,0.0011268638093455611,0.0011268638093455611
881,-6.0423284190541,113.934210526316,552.0,0.0010761744338386675,0.0010761744338386675
882,0.0,113.934210526316,974.0,0.001898901990142866,0.001898901990142866
883,6.04232841905411,113.934210526316,477.0,0.0009299550814149354,0.0009299550814149354
884,12.1531974690079,113.934210526316,270.0,0.0005263896687254351,0.0005263896687254351
885,18.4084801705859,113.934210526316,434.0,0.0008461226526919958,0.0008461226526919958
886,24.901062370367,113.934210526316,531.0,0.0010352330151600225,0.0010352330151600225
887,31.7568638592971,113.934210526316,591.0,0.001152208497099008,0.001152208497099008
888,39.1667107161202,113.934210526316,390.0,0.0007603406326034064,0.0007603406326034064
889,47.4631016370138,113.934210526316,1118.0,0.0021796431467964316,0.0021796431467964316
890,57.3631024964463,113.934210526316,790.0,0.0015401771788633102,0.0015401771788633102
891,71.3282819359921,113.934210526316,247.0,0.0004815490673154907,0.0004815490673154907
892,-71.3282819359921,120.25,249.0,0.0004854482500467902,0.0004854482500467902
893,-57.3631024964463,120.25,741.0,0.001444647201946472,0.001444647201946472
894,-47.4631016370138,120.25,815.0,0.0015889169630045543,0.0015889169630045543
895,-39.1667107161202,120.25,344.0,0.0006706594297835174,0.0006706594297835174
896,-31.7568638592971,120.25,330.0,0.0006433651506644207,0.0006433651506644207
897,-24.901062370367,120.25,638.0,0.0012438392912845467,0.0012438392912845467
898,-18.4084801705858,120.25,383.0,0.000746693493043858,0.000746693493043858
899,-12.1531974690079,120.25,476.0,0.0009280054900492856,0.0009280054900492856
900,-6.0423284190541,120.25,591.0,0.001152208497099008,0.001152208497099008
901,0.0,120.25,474.0,0.0009241063073179861,0.0009241063073179861
902,6.04232841905411,120.25,548.0,0.0010683760683760685,0.0010683760683760685
903,12.1531974690079,120.25,382.0,0.0007447439016782082,0.0007447439016782082
904,18.4084801705859,120.25,254.0,0.000495196206875039,0.000495196206875039
905,24.901062370367,120.25,457.0,0.0008909632541019403,0.0008909632541019403
906,31.7568638592971,120.25,581.0,0.0011327125834425104,0.0011327125834425104
907,39.1667107161202,120.25,362.0,0.000705752074365213,0.000705752074365213
908,47.4631016370138,120.25,441.0,0.0008597697922515441,0.0008597697922515441
909,57.3631024964463,120.25,409.0,0.0007973828685507517,0.0007973828685507517
910,71.3282819359921,120.25,362.0,0.000705752074365213,0.000705752074365213
911,-71.3282819359921,126.565789473684,423.0,0.0008246771476698484,0.0008246771476698484
912,-57.3631024964463,126.565789473684,532.0,0.0010371826065256721,0.0010371826065256721
913,-47.4631016370138,126.565789473684,908.0,0.0017702289600099819,0.0017702289600099819
914,-39.1667107161202,126.565789473684,703.0,0.001370562730051781,0.001370562730051781
915,-31.7568638592971,126.565789473684,279.0,0.000543935991016283,0.000543935991016283
916,-24.901062370367,126.565789473684,325.0,0.0006336171938361719,0.0006336171938361719
917,-18.4084801705858,126.565789473684,493.0,0.0009611485432653316,0.0009611485432653316
918,-12.1531974690079,126.565789473684,272.0,0.0005302888514567346,0.0005302888514567346
919,-6.0423284190541,126.565789473684,585.0,0.0011405109489051094,0.0011405109489051094
920,0.0,126.565789473684,617.0,0.001202897872605902,0.001202897872605902
921,6.04232841905411,126.565789473684,568.0,0.0011073678956890637,0.0011073678956890637
922,12.1531974690079,126.565789473684,799.0,0.0015577235011541581,0.0015577235011541581
923,18.4084801705859,126.565789473684,501.0,0.0009767452741905297,0.0009767452741905297
924,24.901062370367,126.565789473684,286.0,0.0005575831305758313,0.0005575831305758313
925,31.7568638592971,126.565789473684,593.0,0.0011561076798303075,0.0011561076798303075
926,39.1667107161202,126.565789473684,507.0,0.0009884428223844283,0.0009884428223844283
927,47.4631016370138,126.565789473684,658.0,0.001282831118597542,0.001282831118597542
928,57.3631024964463,126.565789473684,686.0,0.0013374196768357353,0.0013374196768357353
929,71.3282819359921,126.565789473684,354.0,0.000690155343440015,0.000690155343440015
930,-71.3282819359921,132.881578947368,307.0,0.0005985245492544762,0.0005985245492544762
931,-57.3631024964463,132.881578947368,427.0,0.0008324755131324474,0.0008324755131324474
932,-47.4631016370138,132.881578947368,597.0,0.0011639060452929065,0.0011639060452929065
933,-39.1667107161202,132.881578947368,663.0,0.0012925790754257907,0.0012925790754257907
934,-31.7568638592971,132.881578947368,725.0,0.0014134537400960758,0.0014134537400960758
935,-24.901062370367,132.881578947368,387.0,0.000754491858506457,0.000754491858506457
936,-18.4084801705858,132.881578947368,589.0,0.0011483093143677084,0.0011483093143677084
937,-12.1531974690079,132.881578947368,287.0,0.000559532721941481,0.000559532721941481
938,-6.0423284190541,132.881578947368,596.0,0.001161956453927257,0.001161956453927257
939,0.0,132.881578947368,791.0,0.00154212677022896,0.00154212677022896
940,6.04232841905411,132.881578947368,322.0,0.0006277684197392227,0.0006277684197392227
941,12.1531974690079,132.881578947368,592.0,0.0011541580884646579,0.0011541580884646579
942,18.4084801705859,132.881578947368,488.0,0.0009514005864370827,0.0009514005864370827
943,24.901062370367,132.881578947368,503.0,0.0009806444569218293,0.0009806444569218293
944,31.7568638592971,132.881578947368,695.0,0.001354965999126583,0.001354965999126583
945,39.1667107161202,132.881578947368,652.0,0.0012711335704036434,0.0012711335704036434
946,47.4631016370138,132.881578947368,811.0,0.0015811185975419552,0.0015811185975419552
947,57.3631024964463,132.881578947368,692.0,0.0013491172250296338,0.0013491172250296338
948,71.3282819359921,132.881578947368,710.0,0.0013842098696113295,0.0013842098696113295
949,-71.3282819359921,139.197368421053,413.0,0.0008051812340133508,0.0008051812340133508
950,-57.3631024964463,139.197368421053,631.0,0.0012301921517249984,0.0012301921517249984
951,-47.4631016370138,139.197368421053,708.0,0.00138031068688003,0.00138031068688003
952,-39.1667107161202,139.197368421053,550.0,0.001072275251107368,0.001072275251107368
953,-31.7568638592971,139.197368421053,327.0,0.0006375163765674714,0.0006375163765674714
954,-24.901062370367,139.197368421053,428.0,0.0008344251044980972,0.0008344251044980972
955,-18.4084801705858,139.197368421053,491.0,0.0009572493605340321,0.0009572493605340321
956,-12.1531974690079,139.197368421053,427.0,0.0008324755131324474,0.0008324755131324474
957,-6.0423284190541,139.197368421053,579.0,0.001128813400711211,0.001128813400711211
958,0.0,139.197368421053,428.0,0.0008344251044980972,0.0008344251044980972
959,6.04232841905411,139.197368421053,707.0,0.00137836109551438,0.00137836109551438
960,12.1531974690079,139.197368421053,480.0,0.0009358038555118847,0.0009358038555118847
961,18.4084801705859,139.197368421053,500.0,0.00097479568282488,0.00097479568282488
962,24.901062370367,139.197368421053,490.0,0.0009552997691683823,0.0009552997691683823
963,31.7568638592971,139.197368421053,127.0,0.0002475981034375195,0.0002475981034375195
964,39.1667107161202,139.197368421053,557.0,0.0010859223906669162,0.0010859223906669162
965,47.4631016370138,139.197368421053,924.0,0.001801422421860378,0.001801422421860378
966,57.3631024964463,139.197368421053,583.0,0.00113661176617381,0.00113661176617381
967,71.3282819359921,139.197368421053,672.0,0.0013101253977166386,0.0013101253977166386
968,-71.3282819359921,145.513157894737,302.0,0.0005887765924262275,0.0005887765924262275
969,-57.3631024964463,145.513157894737,746.0,0.0014543951587747208,0.0014543951587747208
970,-47.4631016370138,145.513157894737,1013.0,0.001974936053403207,0.001974936053403207
971,-39.1667107161202,145.513157894737,638.0,0.0012438392912845467,0.0012438392912845467
972,-31.7568638592971,145.513157894737,454.0,0.0008851144800049909,0.0008851144800049909
973,-24.901062370367,145.513157894737,426.0,0.0008305259217667977,0.0008305259217667977
974,-18.4084801705858,145.513157894737,485.0,0.0009455518123401335,0.0009455518123401335
975,-12.1531974690079,145.513157894737,438.0,0.0008539210181545948,0.0008539210181545948
976,-6.0423284190541,145.513157894737,764.0,0.0014894878033564164,0.0014894878033564164
977,0.0,145.513157894737,414.0,0.0008071308253790006,0.0008071308253790006
978,6.04232841905411,145.513157894737,664.0,0.0012945286667914405,0.0012945286667914405
979,12.1531974690079,145.513157894737,430.0,0.0008383242872293967,0.0008383242872293967
980,18.4084801705859,145.513157894737,541.0,0.00105472892881652,0.00105472892881652
981,24.901062370367,145.513157894737,597.0,0.0011639060452929065,0.0011639060452929065
982,31.7568638592971,145.513157894737,648.0,0.0012633352049410444,0.0012633352049410444
983,39.1667107161202,145.513157894737,445.0,0.0008675681577141432,0.0008675681577141432
984,47.4631016370138,145.513157894737,796.0,0.0015518747270572089,0.0015518747270572089
985,57.3631024964463,145.513157894737,575.0,0.001121015035248612,0.001121015035248612
986,71.3282819359921,145.513157894737,355.0,0.0006921049348056648,0.0006921049348056648
987,-71.3282819359921,151.828947368421,355.0,0.0006921049348056648,0.0006921049348056648
988,-57.3631024964463,151.828947368421,528.0,0.001029384241063073,0.001029384241063073
989,-47.4631016370138,151.828947368421,799.0,0.0015577235011541581,0.0015577235011541581
990,-39.1667107161202,151.828947368421,441.0,0.0008597697922515441,0.0008597697922515441
991,-31.7568638592971,151.828947368421,333.0,0.0006492139247613701,0.0006492139247613701
992,-24.901062370367,151.828947368421,460.0,0.0008968120281988895,0.0008968120281988895
993,-18.4084801705858,151.828947368421,300.0,0.000584877409694928,0.000584877409694928
994,-12.1531974690079,151.828947368421,432.0,0.0008422234699606962,0.0008422234699606962
995,-6.0423284190541,151.828947368421,504.0,0.0009825940482874789,0.0009825940482874789
996,0.0,151.828947368421,417.0,0.0008129795994759498,0.0008129795994759498
997,6.04232841905411,151.828947368421,497.0,0.0009689469087279306,0.0009689469087279306
998,12.1531974690079,151.828947368421,643.0,0.0012535872481127955,0.0012535872481127955
999,18.4084801705859,151.828947368421,542.0,0.0010566785201821698,0.0010566785201821698
1000,24.901062370367,151.828947368421,479.0,0.000933854264146235,0.000933854264146235
1001,31.7568638592971,151.828947368421,594.0,0.0011580572711959573,0.0011580572711959573
1002,39.1667107161202,151.828947368421,389.0,0.0007583910412377566,0.0007583910412377566
1003,47.4631016370138,151.828947368421,702.0,0.0013686131386861315,0.0013686131386861315
1004,57.3631024964463,151.828947368421,327.0,0.0006375163765674714,0.0006375163765674714
1005,71.3282819359921,151.828947368421,412.0,0.0008032316426477011,0.0008032316426477011
1006,-71.3282819359921,158.144736842105,256.0,0.0004990953896063385,0.0004990953896063385
1007,-57.3631024964463,158.144736842105,413.0,0.0008051812340133508,0.0008051812340133508
1008,-47.4631016370138,158.144736842105,615.0,0.0011989986898746023,0.0011989986898746023
1009,-39.1667107161202,158.144736842105,353.0,0.0006882057520743652,0.0006882057520743652
1010,-31.7568638592971,158.144736842105,538.0,0.0010488801547195708,0.0010488801547195708
1011,-24.901062370367,158.144736842105,566.0,0.001103468712957764,0.001103468712957764
1012,-18.4084801705858,158.144736842105,335.0,0.0006531131074926696,0.0006531131074926696
1013,-12.1531974690079,158.144736842105,442.0,0.0008617193836171938,0.0008617193836171938
1014,-6.0423284190541,158.144736842105,331.0,0.0006453147420300705,0.0006453147420300705
1015,0.0,158.144736842105,378.0,0.0007369455362156092,0.0007369455362156092
1016,6.04232841905411,158.144736842105,497.0,0.0009689469087279306,0.0009689469087279306
1017,12.1531974690079,158.144736842105,531.0,0.0010352330151600225,0.0010352330151600225
1018,18.4084801705859,158.144736842105,396.0,0.0007720381807973049,0.0007720381807973049
1019,24.901062370367,158.144736842105,549.0,0.001070325659741718,0.001070325659741718
1020,31.7568638592971,158.144736842105,367.0,0.0007155000311934619,0.0007155000311934619
1021,39.1667107161202,158.144736842105,654.0,0.0012750327531349428,0.0012750327531349428
1022,47.4631016370138,158.144736842105,639.0,0.0012457888826501965,0.0012457888826501965
1023,57.3631024964463,158.144736842105,569.0,0.0011093174870547133,0.0011093174870547133
1024,71.3282819359921,158.144736842105,564.0,0.0010995695302264646,0.0010995695302264646
1025,-71.3282819359921,164.46052631579,249.0,0.0004854482500467902,0.0004854482500467902
1026,-57.3631024964463,164.46052631579,689.0,0.0013432684509326845,0.0013432684509326845
1027,-47.4631016370138,164.46052631579,1121.0,0.0021854919208933806,0.0021854919208933806
1028,-39.1667107161202,164.46052631579,484.0,0.0009436022209744837,0.0009436022209744837
1029,-31.7568638592971,164.46052631579,382.0,0.0007447439016782082,0.0007447439016782082
1030,-24.901062370367,164.46052631579,299.0,0.0005829278183292782,0.0005829278183292782
1031,-18.4084801705858,164.46052631579,382.0,0.0007447439016782082,0.0007447439016782082
1032,-12.1531974690079,164.46052631579,431.0,0.0008402738785950464,0.0008402738785950464
1033,-6.0423284190541,164.46052631579,609.0,0.0011873011416807038,0.0011873011416807038
1034,0.0,164.46052631579,293.0,0.0005712302701353796,0.0005712302701353796
1035,6.04232841905411,164.46052631579,236.0,0.0004601035622933433,0.0004601035622933433
1036,12.1531974690079,164.46052631579,485.0,0.0009455518123401335,0.0009455518123401335
1037,18.4084801705859,164.46052631579,441.0,0.0008597697922515441,0.0008597697922515441
1038,24.901062370367,164.46052631579,826.0,0.0016103624680267015,0.0016103624680267015
1039,31.7568638592971,164.46052631579,596.0,0.001161956453927257,0.001161956453927257
1040,39.1667107161202,164.46052631579,820.0,0.001598664919832803,0.001598664919832803
1041,47.4631016370138,164.46052631579,818.0,0.0015947657371015035,0.0015947657371015035
1042,57.3631024964463,164.46052631579,832.0,0.0016220600162206002,0.0016220600162206002
1043,71.3282819359921,164.46052631579,621.0,0.001210696238068501,0.001210696238068501
1044,-71.3282819359921,170.776315789474,203.0,0.00039576704722690126,0.00039576704722690126
1045,-57.3631024964463,170.776315789474,318.0,0.0006199700542766236,0.0006199700542766236
1046,-47.4631016370138,170.776315789474,464.0,0.0009046103936614885,0.0009046103936614885
1047,-39.1667107161202,170.776315789474,542.0,0.0010566785201821698,0.0010566785201821698
1048,-31.7568638592971,170.776315789474,331.0,0.0006453147420300705,0.0006453147420300705
1049,-24.901062370367,170.776315789474,439.0,0.0008558706095202446,0.0008558706095202446
1050,-18.4084801705858,170.776315789474,437.0,0.000851971426788945,0.000851971426788945
1051,-12.1531974690079,170.776315789474,344.0,0.0006706594297835174,0.0006706594297835174
1052,-6.0423284190541,170.776315789474,417.0,0.0008129795994759498,0.0008129795994759498
1053,0.0,170.776315789474,374.0,0.0007291471707530101,0.0007291471707530101
1054,6.04232841905411,170.776315789474,799.0,0.0015577235011541581,0.0015577235011541581
1055,12.1531974690079,170.776315789474,276.0,0.0005380872169193338,0.0005380872169193338
1056,18.4084801705859,170.776315789474,350.0,0.0006823569779774159,0.0006823569779774159
1057,24.901062370367,170.776315789474,579.0,0.001128813400711211,0.001128813400711211
1058,31.7568638592971,170.776315789474,445.0,0.0008675681577141432,0.0008675681577141432
1059,39.1667107161202,170.776315789474,963.0,0.0018774564851207188,0.0018774564851207188
1060,47.4631016370138,170.776315789474,806.0,0.0015713706407137064,0.0015713706407137064
1061,57.3631024964463,170.776315789474,630.0,0.0012282425603593486,0.0012282425603593486
1062,71.3282819359921,170.776315789474,467.0,0.0009104591677584379,0.0009104591677584379
1063,-71.3282819359921,177.092105263158,310.0,0.0006043733233514256,0.0006043733233514256
1064,-57.3631024964463,177.092105263158,314.0,0.0006121716888140246,0.0006121716888140246
1065,-47.4631016370138,177.092105263158,315.0,0.0006141212801796743,0.0006141212801796743
1066,-39.1667107161202,177.092105263158,465.0,0.0009065599850271383,0.0009065599850271383
1067,-31.7568638592971,177.092105263158,225.0,0.00043865805727119595,0.00043865805727119595
1068,-24.901062370367,177.092105263158,511.0,0.0009962411878470274,0.0009962411878470274
1069,-18.4084801705858,177.092105263158,491.0,0.0009572493605340321,0.0009572493605340321
1070,-12.1531974690079,177.092105263158,330.0,0.0006433651506644207,0.0006433651506644207
1071,-6.0423284190541,177.092105263158,177.0,0.0003450776717200075,0.0003450776717200075
1072,0.0,177.092105263158,537.0,0.001046930563353921,0.001046930563353921
1073,6.04232841905411,177.092105263158,312.0,0.0006082725060827251,0.0006082725060827251
1074,12.1531974690079,177.092105263158,323.0,0.0006297180111048724,0.0006297180111048724
1075,18.4084801705859,177.092105263158,441.0,0.0008597697922515441,0.0008597697922515441
1076,24.901062370367,177.092105263158,229.0,0.000446456422733795,0.000446456422733795
1077,31.7568638592971,177.092105263158,548.0,0.0010683760683760685,0.0010683760683760685
1078,39.1667107161202,177.092105263158,550.0,0.001072275251107368,0.001072275251107368
1079,47.4631016370138,177.092105263158,622.0,0.0012126458294341505,0.0012126458294341505
1080,57.3631024964463,177.092105263158,691.0,0.001347167633663984,0.001347167633663984
1081,71.3282819359921,177.092105263158,820.0,0.001598664919832803,0.001598664919832803
